1,2
3,4


2,5,6,7,8,9,10,11,12,13,14,15,16,17,18,19,20,21,22,23,24,25
7,11,13,14,15,25,26,27,28,29,30,31,32,33,34,35,36,37,38,39,40,41
3,8,9,12,14,19,22,32,34,36,38,40,41,42,43,44,45,46,47,48,49,50,51,52,53,54,55,56,57,58,59,60,61,62,63,64,65,66,67,68,69,70,71,72,73,74,75,76,77,78,79,80,81,82,83,84,85,86,87,88,89,90,91,92,93,94,95,96,97,98,99,100,101,102,103,104
1,6,8,9,19,26,29,30,32,33,34,36,38,44,48,52,56,58,60,61,62,63,68,69,71,72,73,74,75,79,80,81,82,85,86,87,88,90,92,95,96,99,100,101,102,103,104,105,106,107,108,109,110,111,112,113,114,115,116,117,118,119,120,121,122,123,124,125,126,127,128,129,130,131,132,133,134,135,136,137,138,139,140,141,142,143,144,145,146
1,3,8,9,19,20,22,26,30,32,34,36,38,41,44,50,51,56,58,60,61,63,67,68,72,73,74,76,78,85,86,90,95,96,97,100,101,102,103,104,105,109,114,120,121,124,128,129,130,131,132,134,135,136,140,144,147,148,149,150,151,152,153,154,155,156,157,158,159,160,161,162,163,164,165,166,167,168,169,170,171,172,173,174,175,176,177,178,179,180,181,182,183,184,185,186,187,188,189,190,191,192,193,194,195,196,197,198,199,200,201,202,203,204,205
1,3,6,8,9,12,19,20,23,26,30,32,34,36,41,44,46,48,51,52,56,58,62,63,66,67,68,69,81,82,85,86,88,90,92,93,95,96,97,98,101,103,105,109,120,121,123,124,127,129,131,132,134,136,144,161,164,166,168,173,174,175,176,177,182,184,185,189,190,191,194,195,198,199,201,202,204,206,207,208,209,210,211,212,213,214,215,216,217,218,219,220,221,222,223,224,225,226,227,228,229,230,231,232,233,234,235,236,237,238,239,240,241,242
1,3,6,8,9,12,19,20,32,34,36,41,44,48,51,52,53,62,63,67,68,69,72,76,81,86,88,95,96,97,101,103,105,122,127,132,135,140,143,144,149,158,164,166,168,175,176,177,180,181,189,191,194,198,199,204,208,209,211,212,214,215,220,221,222,227,228,232,233,235,236,239,241,242,243,244,245,246,247,248,249,250,251,252,253,254,255,256,257,258,259,260,261,262,263,264,265,266,267,268,269,270,271,272,273,274,275,276,277,278,279,280,281,282,283,284,285,286,287
1,3,6,8,9,12,19,27,32,34,36,38,41,44,48,50,51,52,53,58,59,60,61,62,63,67,68,69,70,72,75,78,79,83,86,88,90,94,95,97,99,101,103,104,105,114,121,124,128,129,132,135,138,140,143,144,149,154,155,164,166,168,172,175,176,177,181,184,189,191,193,194,199,204,205,209,211,212,214,215,220,221,228,233,236,239,248,252,254,255,256,260,262,263,265,271,276,277,280,281,282,283,284,286,288,289,290,291,292,293,294,295,296,297,298,299,300,301,302,303,304,305,306,307,308,309,310,311,312,313,314,315,316,317,318,319,320,321,322,323,324,325,326,327,328,329,330,331,332,333,334,335,336,337,338,339,340,341
3,6,8,9,12,19,20,21,27,32,34,36,41,44,47,48,50,51,52,53,56,60,61,62,63,67,69,72,74,75,78,86,88,95,97,98,99,101,102,103,105,120,124,128,131,134,142,144,155,158,160,161,162,171,172,174,175,176,177,184,191,194,202,204,208,209,211,212,220,221,222,224,228,233,235,236,237,239,242,248,252,254,260,263,266,271,272,275,277,281,282,283,286,288,289,291,294,296,297,298,299,302,303,304,305,306,307,308,309,311,313,314,316,317,318,319,321,322,323,324,325,327,328,331,332,333,334,335,337,338,339,340,341,342,343,344,345,346,347,348,349,350,351,352,353,354,355,356,357,358,359,360,361,362,363,364,365,366,367,368,369,370,371,372,373,374,375,376,377,378,379,380,381,382,383
1,3,6,8,9,12,19,27,30,32,34,36,38,41,44,48,50,51,52,56,57,58,59,60,62,63,67,68,69,70,72,74,75,76,79,83,88,95,96,97,101,102,103,109,115,126,128,129,131,132,144,145,146,149,154,161,162,166,172,174,175,176,177,184,189,191,193,194,201,204,209,211,212,214,220,221,224,228,233,234,236,239,242,249,254,256,260,263,272,273,277,278,281,283,288,289,294,296,297,298,299,300,303,306,307,308,309,310,311,314,316,317,319,321,323,325,327,329,332,335,337,338,340,343,344,345,346,349,350,352,355,356,357,358,359,361,362,364,365,367,368,371,372,373,374,375,376,377,378,379,382,383,384,385,386,387,388,389,390,391,392,393,394,395,396,397,398,399,400,401,402,403,404,405,406,407,408,409,410,411,412,413,414,415,416,417,418,419,420,421,422,423,424,425,426,427
1,6,8,9,19,27,29,30,32,34,36,38,41,44,50,51,52,53,56,58,60,61,62,63,65,67,68,69,72,74,75,82,84,88,97,98,102,103,109,120,124,128,131,132,134,140,144,145,149,154,157,164,168,172,174,175,176,177,181,182,184,188,189,191,193,194,201,204,209,211,212,214,220,221,223,228,234,236,242,254,260,263,266,272,274,276,277,278,281,282,283,286,288,289,294,296,297,298,300,302,303,306,308,309,310,311,313,314,315,316,317,321,323,325,332,333,334,335,336,340,342,343,344,345,349,350,352,355,357,358,359,365,368,371,372,373,376,378,379,386,387,388,389,391,392,393,395,396,398,399,400,402,405,407,409,413,414,416,423,424,425,428,429,430,431,432,433,434,435,436,437,438,439,440,441,442,443,444,445,446,447,448,449,450,451,452,453,454,455,456,457,458,459,460,461,462,463,464,465,466,467,468,469,470,471,472,473,474,475,476,477,478,479,480,481,482,483,484,485,486,487,488,489,490,491,492,493,494,495,496,497,498,499,500,501,502,503,504,505
512,513,514,515,516,517,518,519,520,9,521,523,12,522,526,524,525,527,528,19,532,529,530,531,536,537,533,27,539,540,542,543,32,538,34,546,36,547,38,548,549,41,8,44,48,51,52,53,61,62,63,67,68,69,70,72,74,75,88,97,98,101,103,109,119,124,534,128,535,134,140,143,144,145,149,154,541,168,172,174,175,176,177,544,181,545,184,191,193,194,201,209,211,212,214,215,221,228,233,234,236,241,242,248,254,257,260,263,264,272,273,276,278,281,282,286,288,289,291,292,294,296,297,299,302,303,305,308,309,311,313,316,317,321,323,325,329,338,342,344,345,348,350,352,355,357,358,359,363,365,368,371,372,375,378,379,386,387,388,389,391,392,393,396,398,399,400,402,405,409,413,414,422,424,425,428,429,431,432,437,440,441,447,448,450,452,453,454,456,457,460,463,464,465,466,467,469,474,475,477,479,480,481,482,483,493,496,497,501,502,503,504,506,507,508,509,510,511
1,513,3,515,517,6,9,523,525,527,528,19,532,535,536,537,538,27,540,539,542,543,32,545,546,36,549,38,551,552,41,553,555,44,557,554,550,560,561,48,51,563,556,54,567,568,562,564,571,565,61,62,566,569,65,570,572,68,60,73,74,75,76,83,84,93,95,97,103,119,127,128,134,138,144,148,168,172,175,176,177,181,189,191,193,39,548,203,204,209,211,212,214,215,220,224,228,233,236,239,241,242,558,252,559,258,260,263,266,270,272,277,282,283,285,286,289,291,294,297,302,306,308,313,316,321,325,329,336,343,348,352,353,355,357,358,363,364,365,367,368,370,371,372,375,377,378,379,386,389,392,393,394,396,398,399,400,404,405,414,415,422,423,428,429,432,437,438,440,447,451,452,454,456,459,460,465,466,474,475,477,479,481,482,483,491,494,495,500,502,509
512,1,514,515,513,517,6,8,9,520,12,525,527,19,532,536,538,27,540,539,542,32,34,36,549,38,551,552,41,553,555,44,548,559,48,561,560,563,51,52,566,567,50,569,57,571,60,573,574,63,62,575,578,576,577,69,70,581,583,73,586,74,72,75,582,591,584,593,594,83,595,596,598,599,592,597,90,602,600,605,601,95,608,97,98,609,610,607,102,103,104,611,99,119,122,127,128,131,142,143,144,145,147,148,149,161,162,172,174,175,176,177,181,189,193,199,204,212,214,220,224,228,233,236,239,242,248,249,252,260,263,266,272,274,277,280,282,283,285,289,291,294,297,298,300,302,303,305,306,308,309,313,316,317,319,321,324,325,329,335,336,337,67,341,343,350,579,355,357,580,363,365,368,371,372,373,375,378,585,386,387,388,389,391,392,393,394,587,396,398,588,400,401,402,404,589,409,590,414,415,418,422,423,424,426,427,437,438,440,88,445,447,449,454,456,460,462,463,468,469,474,475,603,604,480,481,482,489,606,494,495,497,498,502,504,508,509,511
1,3,6,8,9,12,19,27,30,32,34,36,38,41,44,48,51,52,53,57,59,60,62,63,65,67,68,69,70,72,73,74,76,88,95,97,98,99,101,102,103,112,115,119,124,127,128,131,132,140,141,142,143,144,145,147,149,162,172,175,176,177,181,183,184,185,191,193,194,199,204,209,211,212,214,219,220,228,234,236,239,242,243,248,252,254,256,259,260,263,266,272,277,278,280,281,283,285,289,296,297,299,300,302,303,305,306,308,314,316,317,318,321,323,324,325,334,335,336,340,342,343,344,347,349,350,351,355,358,363,365,367,368,371,372,375,376,378,386,387,388,389,391,392,393,394,395,396,398,399,400,404,405,409,413,414,415,418,422,424,425,427,429,431,432,436,437,439,440,447,449,452,454,456,460,462,463,466,468,472,474,475,477,479,481,482,487,495,496,498,502,508,509,511,513,514,515,516,517,520,522,523,525,527,532,534,536,538,539,540,542,545,546,547,551,552,554,555,557,560,566,567,569,570,571,573,574,576,577,583,584,586,587,588,589,590,591,592,593,594,595,596,597,598,599,601,603,605,606,607,608,609,610,611,612,613,614,615,616,617,618,619,620,621,622,623,624,625,626,627,628,629,630,631,632,633,634,635,636,637,638,639,640,641,642,643,644,645,646,647,648,649,650,651,652,653,654,655,656,657,658,659,660,661,662,663,664,665,666,667,668,669,670,671,672,673,674,675,676,677,678,679,680,681,682,683,684,685,686,687,688,689,690
3,6,8,9,12,17,19,26,27,29,30,32,34,36,38,41,48,51,52,53,54,62,63,67,68,70,72,73,74,79,83,88,95,96,97,98,99,101,102,103,105,110,119,124,127,128,129,132,133,134,140,145,147,154,155,156,161,162,163,172,174,176,177,181,183,184,191,193,194,199,201,204,212,214,220,224,228,233,234,236,239,242,244,245,252,254,256,259,260,263,266,272,274,277,278,281,282,283,286,289,296,297,299,300,302,306,307,308,313,314,316,317,319,321,323,325,328,331,332,334,336,337,339,340,342,343,344,349,350,351,355,357,358,359,364,365,368,372,375,376,378,385,386,387,388,389,391,392,393,394,396,398,400,402,404,407,409,413,415,422,423,424,425,429,430,437,439,440,441,447,454,456,460,461,462,463,465,468,474,475,479,480,481,482,484,487,493,495,496,498,502,509,513,514,515,518,520,522,525,532,534,536,539,540,542,545,547,551,554,555,557,560,561,567,569,570,571,572,573,581,583,586,587,588,589,590,594,595,596,597,598,599,602,603,605,606,607,609,611,612,615,616,617,619,620,621,625,626,627,628,631,632,638,639,640,642,644,645,646,649,652,654,658,659,660,663,666,673,674,676,677,678,679,680,681,683,686,687,688,689,691,692,693,694,695,696,697,698,699,700,701,702,703,704,705,706,707,708,709,710,711,712,713,714,715,716,717,718,719,720,721,722,723,724,725,726,727,728,729,730,731,732,733,734,735,736,737,738,739,740,741,742,743
1,3,6,8,9,19,27,29,30,32,34,36,38,41,48,51,52,53,62,63,67,68,69,70,72,73,74,75,76,88,90,95,96,97,99,101,102,103,106,119,121,122,124,128,129,131,132,140,142,144,154,161,162,163,172,177,181,183,184,189,191,193,194,199,204,211,212,214,220,221,224,228,233,234,236,242,244,248,249,250,252,254,259,260,263,266,269,272,274,276,277,278,281,282,283,285,286,289,293,294,297,299,302,303,306,307,308,309,314,316,317,319,321,323,325,327,332,334,337,338,339,341,342,343,349,350,351,352,353,355,356,357,359,363,364,365,367,368,371,372,374,385,386,388,389,392,393,394,396,398,399,400,401,402,404,405,407,409,415,425,428,429,431,432,437,438,439,440,448,449,454,460,462,463,465,468,474,475,479,480,481,482,483,490,492,495,496,498,502,504,505,509,511,513,514,517,520,522,523,525,527,532,534,536,538,539,540,542,545,546,547,548,549,551,555,557,560,561,562,564,567,569,571,583,586,588,589,590,592,593,594,595,596,597,598,599,603,605,607,615,616,617,621,622,623,624,625,626,627,629,631,632,634,638,639,640,642,643,644,645,646,648,649,652,654,657,658,659,660,662,673,678,679,681,683,686,687,689,697,701,704,706,707,708,711,712,713,714,719,720,721,723,725,726,727,728,731,732,733,734,735,737,738,739,740,741,743,744,745,746,747,748,749,750,751,752,753,754,755,756,757,758,759,760,761,762,763,764,765,766,767,768,769,770,771,772,773,774,775,776,777,778,779,780,781,782,783,784,785,786,787,788,789,790,791,792,793,794
1,3,7,8,9,12,19,27,29,30,32,34,36,39,41,48,51,52,53,57,58,59,61,63,67,68,69,72,73,74,75,87,90,95,96,97,99,101,102,103,105,120,124,125,128,131,132,140,142,144,146,154,155,157,159,160,161,163,168,172,175,176,177,181,183,189,193,194,199,201,204,211,212,214,220,222,224,233,234,236,241,242,244,248,249,250,252,254,256,259,260,263,272,274,277,278,281,282,283,286,288,289,296,297,299,302,303,305,307,308,309,311,313,316,317,321,323,325,327,328,332,337,339,340,341,342,343,345,346,349,350,351,355,357,363,364,365,372,376,378,379,386,387,388,389,396,398,400,401,402,404,405,407,408,413,415,418,422,424,425,429,431,437,438,439,440,442,448,454,456,460,462,463,466,467,468,469,473,474,475,479,481,482,483,488,493,495,496,498,502,504,509,513,514,523,525,527,532,534,536,539,540,542,543,544,547,548,549,551,552,555,557,560,562,567,569,570,573,576,581,582,583,586,588,589,590,592,595,596,597,598,599,601,603,605,607,615,616,617,619,620,621,624,625,626,629,632,635,637,638,639,640,641,642,643,644,645,646,649,651,654,658,659,675,676,678,679,681,683,686,687,688,689,697,698,700,701,704,705,708,711,712,713,714,716,719,721,725,726,727,728,731,733,734,738,739,741,744,747,752,753,754,755,757,758,760,761,762,765,766,767,768,769,770,771,773,774,776,777,780,781,782,783,784,785,786,787,788,790,793,794,795,796,797,798,799,800,801,802,803,804,805,806,807,808,809,810,811,812,813,814,815,816,817,818,819,820,821,822,823,824,825,826,827,828,829,830,831,832,833,834,835,836,837,838,839,840,841,842,843,844,845,846,847,848,849
2,8,9,11,12,13,15,19,20,26,29,30,32,34,36,38,39,41,44,47,48,51,52,53,56,59,60,63,64,67,68,70,72,73,74,75,76,81,83,85,88,95,97,101,102,103,108,109,110,114,120,123,124,126,128,131,132,135,140,142,147,149,151,152,154,155,158,161,162,165,166,168,173,174,175,176,181,189,191,194,198,199,203,204,209,212,214,220,224,226,234,236,242,244,249,250,251,252,254,256,260,263,265,266,269,272,273,282,283,284,289,294,296,297,299,302,303,304,305,306,308,309,311,313,315,316,317,319,321,323,324,325,327,334,337,338,339,340,341,342,343,349,350,351,352,355,357,358,359,360,363,364,370,371,372,375,376,379,382,386,388,389,391,392,396,400,401,402,403,404,407,409,411,415,418,419,420,422,425,431,436,437,439,442,443,444,448,449,451,452,454,459,460,462,463,464,468,469,473,474,475,476,479,481,482,484,489,492,495,498,499,502,504,508,509,511,512,513,514,516,517,519,523,525,527,528,532,536,538,539,540,541,542,543,544,546,547,551,552,555,556,557,561,563,564,566,567,568,569,570,572,575,576,579,580,581,583,584,586,587,590,592,594,595,596,597,598,599,600,601,603,605,609,610,613,615,617,621,624,625,626,629,632,635,637,638,639,640,642,644,646,651,654,659,660,673,675,676,678,679,681,682,683,686,687,688,689,697,698,700,701,704,707,708,711,712,713,714,715,716,719,721,725,727,728,729,733,734,735,738,741,743,747,752,753,755,757,765,766,769,770,771,773,776,777,781,783,784,785,786,788,792,793,794,798,799,800,801,802,806,808,809,814,815,816,817,819,822,823,824,825,826,828,829,830,831,832,834,835,836,838,839,840,841,842,843,844,847,848,850,851,852,853,854,855,856,857,858,859,860,861,862,863,864,865,866,867,868,869,870,871,872,873,874,875,876,877,878,879,880,881,882,883,884,885,886,887,888,889,890,891,892,893,894,895,896,897,898,899,900,901,902,903,904,905,906,907,908,909,910,911,912,913
513,514,517,518,9,523,525,19,532,535,536,538,27,32,34,546,548,36,41,555,44,557,559,561,51,568,569,570,60,67,68,69,70,583,72,73,586,74,593,932,595,597,598,599,87,601,88,603,605,95,609,97,99,101,103,615,617,620,621,625,626,629,638,639,128,640,642,131,644,646,650,651,654,145,660,151,673,163,676,675,678,679,168,681,683,172,173,686,687,176,174,691,181,183,185,700,189,191,704,194,707,708,198,199,712,713,711,715,204,206,719,720,721,212,724,214,725,220,733,734,732,224,221,738,737,226,741,744,234,237,749,753,242,758,760,249,250,252,765,254,766,768,770,259,260,774,777,781,783,272,784,786,787,276,785,278,792,282,283,794,797,795,799,800,288,289,802,801,296,297,809,814,303,816,819,308,309,823,824,826,830,831,834,835,323,325,838,327,841,843,847,848,338,339,852,853,342,851,345,858,859,346,861,862,863,352,865,355,357,869,873,874,363,876,364,362,882,370,884,371,375,376,378,379,386,388,389,901,903,393,907,396,400,913,914,915,404,916,918,917,920,921,408,919,924,925,926,922,928,923,927,929,930,933,422,934,935,936,938,931,940,941,942,431,944,945,937,939,943,437,438,439,440,946,947,948,445,454,460,462,463,468,469,470,473,474,480,482,483,484,401,492,495,498,504,509
9,19,27,32,34,36,41,42,44,48,51,52,53,59,61,63,67,68,69,70,72,73,74,78,85,88,94,95,97,103,104,121,124,128,131,132,140,142,143,144,149,151,157,168,173,174,176,177,181,183,184,189,191,193,194,199,201,203,204,212,220,224,233,239,242,244,250,254,256,260,263,265,271,272,274,276,277,279,282,283,289,291,294,296,297,299,302,303,306,308,309,313,316,317,320,322,323,325,334,337,338,339,341,345,346,352,353,355,356,364,371,372,375,376,378,379,388,389,392,393,396,400,402,404,408,410,423,425,429,437,439,445,447,448,454,460,462,466,473,474,475,481,482,483,484,492,495,498,502,509,513,516,517,520,525,527,532,536,538,539,546,548,549,551,556,557,561,568,569,573,579,583,586,587,588,590,594,597,598,599,600,601,605,607,616,617,619,620,621,625,626,629,632,635,638,639,640,644,646,652,654,662,673,675,676,678,679,681,682,683,686,687,697,700,704,708,711,712,713,714,715,719,720,721,724,725,727,728,733,734,735,738,741,758,765,767,768,769,770,771,774,777,781,782,783,784,787,788,794,795,797,798,799,800,801,802,805,806,809,814,815,819,823,826,830,831,834,835,836,840,841,847,851,852,853,857,858,859,862,866,868,871,873,874,881,882,884,886,901,903,913,915,917,922,923,924,925,926,928,929,931,933,934,938,939,940,941,942,943,944,949,950,951,952,953,954,955,956,957,958,959,960,961,962,963,964,965,966,967,968,969,970,971,972,973,974,975,976,977,978,979,980,981
513,3,9,12,527,532,536,27,539,542,543,546,41,42,555,44,557,561,562,53,569,61,63,583,72,73,74,590,594,596,84,598,599,95,97,103,616,105,617,619,109,621,627,638,639,131,652,142,654,144,658,660,151,163,681,683,686,687,176,175,181,183,697,189,191,193,194,708,199,712,711,714,713,204,719,212,725,741,236,242,758,762,250,765,766,254,768,769,770,773,263,777,782,783,272,277,282,283,800,294,296,809,297,302,815,817,308,821,311,823,826,831,834,835,840,841,843,336,338,853,342,346,348,349,358,874,364,881,884,372,886,388,389,392,396,400,913,915,925,926,934,425,939,940,942,437,950,439,956,445,448,962,964,454,966,969,457,460,973,975,976,977,978,467,980,981,982,983,984,473,985,475,986,988,987,989,990,495,498,501,504
1,3,6,8,9,12,19,26,27,32,35,36,41,42,44,47,48,50,53,56,58,60,63,67,68,69,70,72,73,74,83,84,95,97,101,103,105,109,114,115,120,121,127,128,131,132,142,143,144,151,163,173,174,176,181,189,190,191,193,194,199,201,204,211,212,215,222,233,239,242,244,249,250,252,254,260,263,265,272,274,277,281,286,289,291,293,296,297,298,299,302,303,307,308,310,311,313,314,316,317,318,321,322,323,324,325,327,332,337,338,339,341,342,345,346,349,352,355,357,364,371,372,373,375,378,379,388,389,391,394,396,398,400,402,403,404,407,408,413,418,422,425,429,431,437,439,442,445,447,448,454,456,460,462,463,469,474,475,479,481,482,483,484,492,495,498,501,504,508,509,513,515,516,520,523,527,532,536,537,539,542,543,544,545,548,549,551,552,555,557,561,562,563,567,580,581,586,588,590,592,593,595,596,598,599,601,603,605,608,610,615,617,619,621,626,627,629,634,635,636,638,639,640,642,643,644,645,646,652,654,658,659,660,667,676,679,681,683,686,687,697,700,701,704,708,711,712,713,714,716,719,720,721,725,726,728,734,741,748,753,758,761,762,765,766,768,770,771,777,779,781,782,783,785,786,787,788,794,795,797,798,801,805,807,809,810,811,814,815,817,818,819,821,823,826,830,831,833,834,835,838,840,841,847,851,852,869,871,873,874,878,881,884,901,913,915,925,926,928,933,934,938,939,940,942,949,950,952,953,954,962,964,965,966,969,971,973,974,975,978,979,985,986,988,989,990,991,992,993,994,995,996,997,998,999,1000,1001,1002,1003,1004,1005,1006,1007,1008,1009,1010,1011,1012,1013,1014,1015,1016,1017,1018,1019,1020,1021,1022,1023,1024,1025,1026,1027
1,8,12,26,27,30,32,36,41,42,44,48,55,57,60,61,63,65,67,68,69,72,73,74,78,84,88,95,97,98,101,103,105,109,114,118,124,127,128,132,135,140,142,143,144,145,151,154,161,162,163,168,173,174,175,176,181,189,193,201,203,204,209,212,219,228,236,242,244,249,250,252,254,260,263,271,272,274,277,281,282,283,286,289,291,296,297,302,307,308,311,312,313,314,317,318,321,323,325,332,334,336,337,338,339,341,342,346,349,364,366,368,372,373,375,377,378,379,386,388,389,391,392,393,394,396,398,400,402,404,405,408,410,418,419,420,422,423,425,428,431,437,439,440,442,447,448,449,454,456,460,462,463,465,468,469,471,475,479,480,481,482,483,487,494,495,498,502,504,509,513,517,520,523,527,536,539,542,543,546,548,549,551,555,557,559,560,561,567,581,583,586,587,588,590,592,593,595,596,598,599,601,602,603,605,609,615,617,619,620,621,622,624,625,626,632,634,638,639,640,642,643,644,645,652,654,658,662,667,676,679,681,682,683,686,687,697,701,704,707,711,712,713,714,721,725,728,740,741,753,755,758,761,762,765,766,767,768,770,771,777,779,781,783,785,786,790,794,798,800,802,808,809,810,814,815,816,817,823,825,830,831,834,840,847,851,858,862,866,868,871,873,874,878,884,900,901,915,924,926,927,928,933,934,938,939,941,942,943,949,950,952,958,964,966,969,971,974,975,981,983,986,988,990,991,992,995,996,997,998,999,1000,1001,1002,1004,1005,1006,1008,1014,1019,1021,1022,1023,1025,1026,1028,1029,1030,1031,1032,1033,1034,1035,1036,1037,1038,1039,1040,1041,1042,1043,1044,1045,1046,1047,1048,1049,1050,1051,1052,1053,1054,1055,1056
513,1026,3,1032,9,1033,523,1037,1038,1039,527,1041,1042,536,1050,27,1054,542,32,1056,1058,1057,1059,549,1060,41,42,560,561,50,563,567,72,586,74,588,595,85,598,97,103,616,617,109,626,632,638,140,142,654,144,145,658,659,673,683,686,687,181,189,194,199,712,209,212,214,224,236,752,242,755,244,250,765,783,277,790,281,794,283,296,297,303,815,308,311,314,318,831,321,323,325,840,338,341,342,345,350,881,884,372,377,391,392,394,400,413,425,938,431,944,437,953,966,454,971,460,463,986,990,991,481,996,997,998,1000,488,1004,495,498,1013,502,1014,1018,1019,1023
1,3,9,26,27,32,34,41,42,44,48,50,53,58,60,67,68,72,73,74,75,80,83,90,94,95,97,98,101,102,103,105,114,121,123,124,125,128,129,131,132,142,143,144,145,149,151,154,155,160,168,176,189,191,193,194,195,199,203,204,206,209,211,212,214,222,233,237,239,241,242,244,248,250,252,254,260,263,277,281,282,283,289,295,296,297,302,303,306,308,311,313,316,318,322,323,325,333,338,339,342,345,346,352,355,356,357,362,363,364,371,372,373,374,376,377,388,389,391,393,394,400,404,408,415,422,425,431,437,438,439,442,445,449,453,454,456,460,462,463,465,468,469,475,479,481,482,483,487,495,498,501,502,509,513,516,517,523,527,535,536,539,542,543,551,555,557,561,567,569,573,575,581,583,586,588,590,591,592,595,596,598,599,600,602,603,609,616,617,619,625,626,627,629,632,638,639,641,644,654,658,662,667,673,674,675,676,679,681,687,697,698,701,704,708,709,711,713,714,716,724,725,728,732,738,752,753,755,758,762,765,767,768,774,777,779,783,791,793,794,798,801,810,814,815,817,818,823,830,831,834,835,836,840,841,842,847,853,859,866,871,881,882,884,901,913,915,926,927,928,934,938,940,943,944,949,950,955,958,959,964,971,973,978,986,988,990,991,992,997,998,999,1002,1004,1018,1019,1023,1026,1028,1032,1033,1034,1036,1037,1039,1041,1042,1043,1049,1050,1051,1053,1054,1056,1058,1060,1061,1062,1063,1064,1065,1066,1067,1068,1069,1070,1071,1072,1073,1074,1075,1076,1077,1078,1079,1080,1081,1082,1083,1084,1085,1086
1,513,1026,1032,1033,9,523,12,1034,526,1039,1037,1021,1042,19,532,1045,1046,527,536,1049,26,1050,539,540,542,543,32,29,546,1056,1060,549,38,34,552,41,42,555,1068,557,1069,1070,1072,560,561,48,53,1078,566,1080,1087,63,1089,1088,67,68,1093,69,1090,72,73,586,1097,1099,1101,74,588,1104,1105,1098,595,84,1100,598,599,1103,592,90,603,1107,1036,94,609,102,615,103,617,614,624,626,1041,638,639,128,127,131,645,135,140,142,143,144,145,658,654,149,155,667,673,163,679,168,681,1051,173,686,687,176,174,545,1054,697,698,189,701,191,704,193,194,708,199,712,713,201,204,724,212,733,1062,228,233,234,236,752,754,242,755,758,248,250,252,765,254,768,260,777,781,269,783,271,277,792,281,282,286,801,294,295,296,297,814,815,302,817,306,307,309,312,314,830,319,834,836,325,840,841,843,335,847,851,852,341,342,339,853,857,346,350,352,865,356,872,873,878,881,1091,884,583,1092,376,377,374,1094,388,389,1095,903,392,391,394,1096,398,915,80,405,926,415,928,419,422,934,1102,938,939,429,949,950,439,437,445,1106,451,454,969,460,462,975,463,468,981,986,475,988,477,990,994,482,998,999,1000,1004,495,1013,1014,502,1019,509
1,8,9,12,19,26,29,32,34,36,38,41,42,44,48,50,53,62,63,67,68,69,72,73,76,80,83,87,96,98,101,102,103,124,127,128,135,140,143,144,149,154,161,162,168,172,174,176,177,181,189,190,191,193,194,198,199,201,204,211,212,214,220,233,234,242,249,250,252,254,256,260,263,277,282,288,294,296,297,306,308,309,311,316,318,319,322,323,327,335,338,339,341,342,343,350,356,357,358,363,364,368,371,372,377,386,388,389,392,393,394,396,399,400,402,405,415,418,422,431,433,437,439,440,449,454,460,462,468,474,475,482,483,494,495,498,501,502,504,509,513,523,525,532,534,536,540,542,543,544,545,546,549,550,555,557,560,567,569,573,574,583,586,590,595,597,598,599,600,603,605,607,615,616,617,625,626,629,632,634,635,638,640,641,642,643,644,645,646,650,651,652,654,658,673,675,676,679,681,687,697,701,704,708,712,713,714,716,719,720,724,728,733,735,741,753,758,762,765,768,770,771,777,781,783,784,787,788,790,792,794,795,799,802,814,815,817,819,822,830,834,835,840,841,842,851,859,871,873,874,878,881,882,884,893,901,903,908,909,915,926,927,928,934,938,939,940,944,949,950,974,984,986,990,991,992,995,997,998,999,1004,1005,1008,1014,1018,1019,1023,1026,1031,1032,1033,1034,1036,1037,1038,1039,1041,1042,1043,1047,1049,1052,1053,1054,1056,1060,1062,1068,1069,1070,1071,1072,1091,1097,1100,1101,1103,1104,1107,1108,1109,1110,1111,1112,1113,1114,1115,1116,1117,1118
3,8,9,12,19,26,32,34,36,41,42,44,48,50,53,59,63,67,68,69,72,73,74,75,80,84,87,88,90,96,97,101,103,105,114,118,128,132,142,143,144,145,149,151,154,155,161,163,168,172,175,181,183,184,189,191,193,194,198,199,201,203,204,209,212,219,220,224,233,234,242,249,250,252,254,260,263,272,273,277,281,282,283,284,285,288,289,294,295,296,297,302,305,306,308,309,314,316,317,318,319,323,325,332,333,334,337,338,339,341,342,343,353,357,367,368,371,372,373,377,378,380,388,389,393,394,396,398,402,404,405,415,416,418,422,423,425,429,430,431,437,439,440,445,449,454,460,462,463,466,468,469,474,475,477,481,482,483,487,492,495,498,502,509,513,514,516,523,525,526,527,532,536,537,539,540,542,543,544,545,546,549,551,556,557,559,560,563,567,569,573,583,586,590,591,595,596,598,599,600,603,605,607,609,614,615,617,624,626,627,632,634,638,640,641,644,652,654,658,659,665,667,673,674,675,679,681,683,687,697,701,704,707,708,711,712,713,714,716,719,720,721,724,725,726,735,738,739,753,755,758,762,765,769,770,771,774,777,779,781,783,787,788,790,792,793,794,795,801,806,809,813,814,815,821,822,823,830,831,834,836,841,847,853,855,859,865,866,867,876,878,881,882,884,901,908,915,926,927,928,938,939,950,953,954,958,959,969,975,977,980,983,984,985,986,988,990,991,992,993,995,999,1002,1004,1019,1021,1023,1024,1026,1031,1032,1033,1034,1036,1039,1040,1041,1042,1043,1045,1047,1049,1050,1052,1054,1056,1058,1060,1068,1069,1070,1071,1072,1087,1089,1091,1092,1093,1094,1097,1099,1100,1101,1102,1103,1104,1105,1107,1108,1110,1111,1113,1116,1117,1118,1119,1120,1121,1122,1123,1124,1125,1126,1127,1128,1129,1130,1131,1132,1133,1134,1135,1136,1137,1138,1139,1140,1141,1142,1143,1144,1145,1146,1147,1148,1149,1150,1151,1152,1153,1154,1155,1156,1157,1158,1159,1160,1161
3,6,7,8,9,12,19,27,29,30,32,34,36,39,41,42,48,50,53,60,62,63,67,68,72,73,80,90,97,99,101,103,105,118,121,122,123,128,131,142,143,149,155,161,172,173,175,176,177,181,189,191,193,194,198,199,201,204,209,211,212,214,220,224,242,244,249,250,252,254,260,263,265,272,277,281,282,288,289,296,297,302,305,306,307,308,309,311,313,314,317,318,319,323,325,332,333,337,338,339,341,342,343,346,350,352,353,357,364,367,368,372,376,377,378,379,388,389,396,398,400,405,408,409,415,422,423,425,430,431,437,439,440,448,449,453,454,460,462,463,469,475,477,479,481,482,483,487,494,495,498,509,513,514,520,523,525,526,527,532,535,536,540,542,545,546,547,555,557,560,561,569,586,590,594,595,596,598,600,603,605,609,615,616,617,621,626,632,638,639,640,642,652,654,658,667,673,679,681,683,685,687,697,698,704,711,712,713,714,720,721,725,726,727,728,734,739,749,753,755,758,762,765,766,768,770,772,777,779,781,783,784,793,794,798,799,802,810,814,815,817,823,830,831,834,839,840,841,843,852,853,856,857,862,870,878,881,884,908,924,926,928,938,939,950,954,958,966,969,971,986,990,992,997,1001,1004,1006,1012,1018,1019,1021,1023,1026,1029,1031,1032,1033,1034,1036,1039,1041,1042,1043,1044,1045,1047,1049,1050,1051,1052,1054,1056,1060,1069,1070,1071,1072,1077,1083,1087,1093,1097,1103,1104,1107,1110,1111,1113,1117,1118,1120,1121,1124,1126,1127,1128,1130,1131,1132,1136,1137,1139,1144,1158,1161,1162,1163,1164,1165,1166,1167,1168,1169,1170,1171,1172,1173,1174,1175,1176,1177,1178,1179,1180,1181,1182,1183,1184,1185,1186,1187,1188,1189,1190
1,3,6,8,9,12,19,26,29,30,32,34,36,41,42,44,48,50,51,53,56,62,63,67,68,72,73,80,87,90,95,97,101,103,105,114,118,121,124,128,142,143,144,145,149,152,155,161,162,172,175,176,180,181,183,189,193,194,198,199,201,204,209,211,212,214,220,224,233,234,242,249,250,252,254,260,263,269,271,272,277,281,282,283,288,289,290,297,303,306,307,308,309,312,313,315,317,318,323,325,328,332,337,338,341,342,343,346,350,352,353,356,357,362,364,370,372,377,378,379,381,388,389,393,394,396,398,400,402,405,407,408,415,422,425,430,431,434,439,440,442,449,454,460,462,463,465,470,473,474,475,477,479,481,482,483,484,487,488,494,495,498,509,511,513,514,525,527,534,535,536,537,538,540,542,546,547,555,560,567,569,570,575,576,582,583,586,588,590,594,595,596,598,599,600,601,605,607,609,615,617,625,626,627,635,638,639,640,642,646,652,654,658,662,667,669,675,676,679,681,683,686,687,697,704,706,711,712,713,714,716,719,720,725,732,733,734,740,741,749,753,755,758,761,762,765,770,776,777,779,781,783,792,793,794,797,800,802,809,814,815,817,823,830,835,840,843,846,847,851,853,857,859,861,869,878,881,884,885,898,901,915,919,926,928,938,939,949,950,954,958,959,963,964,966,969,975,990,991,992,993,995,998,999,1003,1004,1006,1010,1014,1018,1021,1023,1029,1032,1033,1034,1036,1037,1039,1040,1041,1042,1043,1045,1049,1050,1052,1056,1058,1059,1066,1070,1072,1077,1080,1083,1087,1089,1093,1094,1101,1110,1113,1117,1120,1126,1127,1130,1132,1136,1137,1142,1153,1158,1161,1163,1165,1167,1169,1173,1174,1178,1181,1182,1183,1184,1185,1186,1187,1188,1189,1190,1191,1192,1193,1194,1195,1196,1197,1198,1199,1200,1201,1202,1203,1204,1205,1206,1207,1208,1209,1210,1211,1212,1213,1214,1215,1216,1217,1218,1219,1220,1221,1222,1223,1224,1225,1226,1227,1228,1229
1,3,6,8,9,10,12,19,27,29,30,32,34,36,41,42,44,48,50,51,53,60,62,63,67,68,70,72,73,80,87,97,99,101,103,105,109,114,118,124,127,128,131,143,144,145,149,152,161,162,163,172,173,176,180,189,193,194,203,204,209,211,212,220,222,224,232,233,234,242,245,249,250,252,254,260,263,269,272,273,277,278,281,282,285,288,289,290,295,296,297,298,299,302,306,307,308,309,313,317,323,325,333,337,339,341,342,343,346,350,352,353,357,358,362,364,367,368,370,372,376,377,379,386,388,389,391,393,394,398,402,405,407,408,415,422,430,431,437,439,440,447,454,462,465,468,470,473,474,475,477,479,481,482,484,487,494,495,498,502,509,513,514,523,527,532,536,538,539,542,545,546,547,551,552,557,560,563,569,573,575,576,582,586,587,590,591,594,595,596,598,599,600,605,609,615,617,621,626,627,638,639,640,642,644,645,646,652,654,658,667,669,675,678,679,681,683,687,697,699,700,701,704,706,708,711,712,713,714,719,725,726,727,732,733,739,740,741,749,753,758,760,762,768,770,777,779,781,783,792,794,797,799,800,802,809,810,814,817,823,830,834,835,836,840,841,843,846,848,851,853,856,857,859,861,866,871,878,881,884,886,893,913,915,919,928,938,944,950,954,958,962,963,964,966,969,975,980,990,992,993,994,999,1002,1004,1015,1016,1018,1021,1032,1033,1034,1036,1037,1039,1042,1043,1045,1047,1050,1054,1056,1058,1059,1064,1066,1071,1083,1087,1093,1097,1099,1103,1110,1111,1113,1114,1117,1118,1126,1127,1131,1132,1136,1142,1146,1153,1154,1158,1161,1167,1171,1174,1176,1178,1181,1183,1184,1185,1186,1187,1188,1189,1190,1193,1195,1196,1198,1204,1206,1209,1211,1213,1214,1215,1216,1217,1219,1224,1227,1230,1231,1232,1233,1234,1235,1236,1237,1238,1239,1240,1241,1242,1243,1244,1245,1246,1247,1248,1249,1250,1251,1252,1253,1254,1255,1256,1257,1258,1259,1260,1261,1262,1263,1264,1265,1266,1267
1,2,3,6,9,12,19,32,34,36,41,42,44,48,50,51,53,60,63,67,70,72,80,84,87,90,103,105,109,114,127,128,142,144,145,149,152,155,175,176,193,194,199,204,209,212,219,220,221,224,227,233,234,242,249,252,254,257,263,265,269,271,272,277,278,281,282,285,288,291,297,298,302,303,306,307,308,309,314,317,318,321,322,323,325,327,329,333,339,342,346,349,350,357,358,367,372,377,379,386,389,392,393,398,408,415,422,425,431,437,438,440,448,454,462,463,468,470,473,474,475,477,482,483,487,495,498,502,505,509,511,514,525,527,528,536,538,540,542,546,547,555,561,569,573,585,586,588,590,594,596,598,599,600,605,606,609,615,617,620,621,626,627,629,638,639,640,641,644,645,646,652,654,658,666,675,679,681,686,687,689,697,699,700,701,704,708,711,712,713,714,719,725,727,733,736,739,741,749,753,755,758,760,765,770,772,778,779,781,792,794,797,799,800,802,809,810,815,821,822,823,831,834,835,840,841,843,848,853,859,878,882,883,887,899,908,912,921,923,924,928,933,938,950,954,958,959,963,964,966,969,974,990,994,997,998,999,1005,1010,1014,1018,1033,1034,1036,1038,1042,1043,1045,1050,1051,1052,1056,1058,1062,1069,1093,1099,1103,1105,1113,1117,1121,1127,1131,1132,1136,1137,1139,1142,1158,1161,1163,1167,1173,1178,1181,1183,1185,1186,1187,1189,1195,1196,1202,1206,1208,1210,1211,1213,1214,1215,1216,1217,1224,1227,1231,1234,1236,1237,1244,1246,1248,1251,1253,1255,1256,1259,1260,1261,1264,1268,1269,1270,1271,1272,1273,1274,1275,1276,1277,1278,1279,1280,1281,1282,1283,1284,1285,1286,1287,1288,1289,1290,1291,1292,1293,1294,1295,1296,1297,1298,1299,1300,1301
1,3,9,12,19,26,30,32,36,41,42,44,48,50,53,57,60,63,67,69,72,74,80,90,91,95,103,105,109,128,142,144,152,154,175,176,193,194,198,199,209,212,220,224,227,233,242,249,254,257,263,269,271,272,277,281,282,283,285,298,302,306,308,309,315,318,321,323,325,329,338,341,342,346,349,353,356,357,358,372,375,379,386,389,392,393,394,398,404,408,409,415,422,423,425,441,454,462,465,468,474,475,477,483,484,498,502,503,509,523,526,536,542,544,547,551,555,557,560,561,563,569,573,576,586,590,596,598,605,609,615,616,617,621,638,639,644,646,654,666,675,678,679,681,683,686,687,697,699,700,701,704,706,712,713,719,721,724,725,733,739,741,758,760,762,771,778,781,782,792,793,797,799,800,801,802,810,815,823,834,840,841,848,853,859,871,899,903,912,919,926,928,931,933,938,950,952,954,958,963,969,974,978,980,983,985,990,994,997,1003,1004,1014,1019,1021,1026,1032,1034,1036,1039,1041,1042,1043,1062,1069,1071,1076,1078,1080,1082,1087,1091,1100,1103,1113,1114,1118,1121,1126,1127,1130,1132,1136,1137,1142,1158,1167,1173,1176,1178,1181,1185,1188,1189,1190,1195,1196,1199,1207,1214,1215,1216,1224,1227,1230,1231,1234,1236,1237,1241,1244,1246,1248,1253,1255,1256,1260,1261,1263,1264,1268,1270,1271,1272,1273,1274,1279,1280,1281,1284,1286,1287,1291,1295,1296,1297,1298,1299,1302,1303,1304,1305,1306,1307,1308,1309,1310,1311,1312,1313,1314,1315,1316,1317,1318,1319,1320,1321,1322,1323
1,3,6,9,12,26,27,32,41,42,44,48,50,53,57,60,62,63,67,68,69,70,72,73,74,84,85,88,90,91,97,99,101,102,103,105,109,114,121,128,131,142,143,144,145,160,163,172,174,175,176,181,184,189,191,193,194,198,199,209,212,220,221,224,228,234,242,245,249,252,254,272,277,278,281,282,283,285,288,296,297,298,299,303,306,308,309,312,314,317,318,321,323,325,332,333,334,338,341,342,343,346,350,353,357,358,367,368,372,375,377,378,388,389,392,393,394,398,409,415,422,423,425,431,439,442,447,454,468,470,471,473,474,475,477,479,481,482,483,488,495,498,502,503,509,513,514,516,520,525,536,539,542,543,545,546,547,548,551,560,561,564,569,573,585,586,590,594,595,596,598,600,603,605,609,615,616,617,620,621,626,638,639,640,642,643,644,645,646,652,654,658,660,676,679,681,686,687,697,700,701,704,712,713,714,719,725,728,735,738,739,741,749,753,754,758,760,766,770,771,781,782,792,793,797,799,801,802,810,814,815,817,831,834,835,838,839,840,843,856,871,878,881,886,903,908,912,919,923,924,933,938,942,944,949,950,963,964,971,973,974,975,986,990,991,994,997,998,1004,1005,1018,1021,1026,1032,1034,1037,1039,1042,1043,1050,1051,1068,1072,1083,1087,1097,1102,1103,1105,1110,1113,1114,1117,1118,1123,1126,1127,1129,1131,1132,1136,1142,1145,1146,1158,1167,1168,1169,1173,1174,1176,1181,1183,1185,1186,1187,1189,1190,1195,1196,1208,1213,1214,1215,1216,1217,1224,1227,1231,1235,1237,1244,1246,1247,1248,1252,1253,1255,1260,1261,1264,1268,1270,1271,1272,1279,1280,1281,1283,1284,1286,1287,1290,1294,1295,1296,1297,1298,1302,1303,1306,1310,1312,1313,1314,1315,1316,1317,1323,1324,1325,1326,1327,1328,1329,1330,1331,1332,1333,1334,1335,1336,1337,1338,1339,1340,1341,1342,1343,1344,1345,1346,1347
1,3,6,9,12,19,26,29,32,36,41,42,44,50,53,57,59,63,67,68,70,72,80,81,90,94,95,97,100,101,102,103,104,105,114,118,128,131,132,142,144,155,161,163,172,173,175,176,184,189,190,191,193,194,198,199,211,212,220,225,233,236,242,245,249,250,254,257,260,269,272,276,281,283,285,291,294,296,297,306,307,314,315,316,317,319,323,325,332,333,337,338,339,341,342,346,350,352,353,357,366,367,372,375,378,379,389,392,396,398,400,402,408,415,422,423,429,431,437,439,440,442,443,445,447,448,454,456,460,462,463,468,469,472,473,474,475,477,479,482,483,487,488,494,495,497,498,502,503,509,513,516,517,523,525,532,536,538,539,542,544,546,547,555,560,562,569,570,573,576,577,581,585,586,588,589,596,598,599,600,601,605,607,609,615,616,617,620,621,625,626,631,638,639,640,642,643,644,646,652,654,666,679,681,683,687,697,701,704,709,710,711,712,713,714,719,725,731,732,734,736,738,739,740,748,752,753,754,758,760,765,768,770,775,777,778,779,781,782,784,793,797,799,800,801,802,809,810,814,815,817,819,821,822,824,830,831,834,835,838,840,842,843,852,856,859,864,868,870,871,873,874,878,903,908,912,919,924,926,927,933,938,939,943,944,950,954,958,963,964,966,971,973,975,980,981,983,984,986,990,991,993,994,997,1005,1006,1014,1018,1021,1026,1032,1033,1036,1038,1040,1042,1043,1045,1049,1050,1052,1056,1058,1059,1060,1065,1068,1069,1072,1083,1089,1097,1101,1105,1113,1117,1118,1122,1123,1126,1127,1131,1132,1136,1137,1138,1142,1146,1158,1168,1169,1171,1174,1176,1178,1183,1185,1186,1187,1189,1190,1196,1202,1213,1215,1227,1231,1233,1235,1236,1244,1246,1247,1253,1255,1264,1265,1268,1269,1271,1272,1274,1280,1281,1283,1284,1285,1286,1287,1289,1291,1292,1294,1295,1298,1299,1302,1306,1310,1312,1314,1315,1317,1321,1325,1326,1329,1331,1334,1335,1336,1338,1340,1342,1343,1344,1346,1348,1349,1350,1351,1352,1353,1354,1355,1356,1357,1358,1359,1360,1361,1362,1363,1364,1365,1366,1367,1368,1369,1370,1371,1372,1373,1374,1375,1376,1377,1378,1379,1380,1381,1382,1383
1,3,6,9,12,19,26,29,32,36,41,42,44,50,53,62,63,67,72,90,95,97,101,102,103,105,114,118,120,125,128,131,132,135,142,143,144,145,146,163,176,184,191,194,199,211,220,235,236,242,245,249,254,256,257,260,261,267,271,272,277,278,281,283,285,291,294,296,297,302,305,306,307,308,309,312,314,315,317,323,325,329,337,338,339,341,342,346,350,352,353,354,356,357,358,367,368,372,375,379,389,392,393,394,396,398,408,409,413,415,418,422,423,425,431,439,448,454,460,468,470,474,475,477,479,482,483,487,490,495,498,503,507,508,514,516,517,523,527,538,539,542,544,546,547,548,549,555,557,560,562,569,576,577,581,582,585,586,589,590,592,594,596,598,599,600,605,609,612,615,617,621,626,632,638,639,640,642,643,644,649,654,658,679,681,683,687,697,699,700,701,704,708,710,711,712,713,714,719,725,734,738,740,741,752,753,758,760,765,770,772,777,778,779,783,784,792,793,795,798,799,800,809,810,814,817,819,821,822,823,824,830,831,834,835,840,843,847,852,856,859,865,871,874,878,881,883,893,908,912,919,927,928,932,933,938,942,943,944,950,952,958,964,969,975,981,986,990,991,992,993,994,997,1004,1006,1012,1013,1018,1021,1023,1026,1029,1032,1033,1036,1037,1038,1039,1042,1043,1044,1045,1050,1052,1056,1060,1062,1063,1068,1069,1071,1072,1083,1087,1089,1090,1097,1101,1103,1110,1113,1117,1118,1123,1127,1131,1136,1137,1138,1142,1158,1168,1169,1171,1174,1176,1178,1179,1180,1183,1184,1185,1189,1190,1196,1202,1211,1213,1214,1215,1216,1219,1226,1231,1234,1235,1236,1237,1244,1246,1247,1252,1253,1255,1256,1260,1262,1264,1265,1267,1271,1272,1274,1280,1281,1283,1284,1285,1287,1289,1291,1292,1295,1297,1302,1306,1312,1313,1314,1317,1319,1323,1326,1328,1329,1331,1334,1335,1337,1339,1340,1342,1344,1346,1349,1350,1351,1352,1353,1354,1355,1356,1358,1359,1364,1365,1367,1372,1373,1374,1375,1376,1377,1378,1379,1381,1382,1383,1384,1385,1386,1387,1388,1389,1390,1391,1392,1393,1394,1395,1396,1397,1398,1399,1400,1401,1402,1403,1404,1405,1406,1407,1408,1409,1410,1411,1412,1413,1414,1415,1416,1417
1,3,9,12,19,26,27,29,32,36,41,42,44,50,52,53,62,63,67,68,80,81,88,97,100,101,103,105,114,116,118,120,124,128,131,135,141,142,146,152,155,160,161,163,172,175,176,181,184,189,190,191,193,194,198,204,212,220,224,225,233,236,239,242,243,249,252,254,257,260,261,271,277,278,281,283,285,288,294,296,297,302,303,305,306,307,308,309,314,315,316,317,318,322,323,325,327,332,334,337,338,339,341,342,345,346,350,352,353,354,356,357,361,366,367,372,376,378,379,386,389,391,392,393,394,398,400,407,409,413,415,422,423,425,431,437,438,439,449,454,462,463,468,469,473,474,475,477,479,481,482,483,484,488,495,498,502,503,507,509,513,521,523,525,526,532,536,538,542,544,545,546,548,549,555,557,560,569,575,576,580,582,586,590,592,594,595,596,598,599,603,605,609,615,616,617,621,626,627,634,635,638,639,640,642,644,645,649,652,659,667,679,681,683,686,687,697,699,701,704,706,707,708,710,711,712,713,714,719,725,731,733,734,738,739,740,741,749,752,753,754,758,766,769,770,774,781,783,784,791,792,793,794,799,800,809,810,819,821,822,823,824,830,831,834,835,838,840,841,843,856,859,864,865,870,871,874,876,878,893,901,903,908,912,913,914,919,923,928,933,938,942,950,952,954,958,963,964,969,970,975,980,983,984,986,987,993,994,995,997,1000,1004,1005,1006,1018,1021,1023,1026,1032,1033,1036,1038,1039,1042,1043,1044,1050,1056,1060,1063,1066,1069,1072,1083,1089,1091,1093,1097,1101,1103,1105,1110,1113,1117,1118,1123,1127,1132,1137,1138,1142,1153,1167,1168,1169,1171,1174,1176,1179,1181,1183,1184,1185,1187,1189,1190,1191,1196,1208,1211,1213,1214,1215,1216,1217,1219,1228,1231,1234,1235,1236,1237,1241,1244,1255,1260,1261,1262,1265,1267,1268,1271,1272,1273,1274,1279,1280,1281,1283,1284,1285,1286,1287,1289,1290,1291,1292,1294,1295,1302,1306,1308,1310,1312,1313,1317,1325,1326,1328,1332,1335,1338,1339,1340,1342,1343,1349,1354,1356,1358,1359,1362,1364,1365,1367,1369,1373,1374,1375,1376,1377,1379,1381,1382,1383,1384,1387,1393,1395,1397,1398,1399,1401,1402,1403,1404,1406,1407,1409,1412,1413,1415,1416,1417,1418,1419,1420,1421,1422,1423,1424,1425,1426,1427,1428,1429,1430,1431,1432,1433,1434,1435,1436,1437,1438,1439,1440,1441,1442,1443,1444,1445,1446,1447,1448,1449,1450,1451,1452,1453,1454
1,3,8,9,12,19,25,27,32,36,41,42,43,50,52,53,54,57,60,62,63,67,69,72,74,80,86,88,96,97,101,102,103,105,114,123,128,135,144,146,152,160,166,172,174,176,184,189,191,194,198,199,204,212,220,224,225,238,239,242,248,249,250,252,254,257,260,261,263,269,272,276,277,281,282,283,285,288,295,296,297,298,302,303,304,306,307,308,309,314,315,317,318,319,323,325,332,334,337,338,341,342,343,346,350,352,353,354,357,358,362,367,371,372,377,378,379,380,389,391,392,394,398,400,407,415,421,423,431,433,437,439,454,457,460,463,465,468,470,473,477,479,481,482,483,484,495,497,498,502,503,504,507,509,513,517,523,530,532,536,538,540,542,544,545,546,547,555,556,561,566,569,570,573,576,586,592,596,598,599,601,603,605,609,610,611,615,616,617,620,621,626,632,634,635,638,639,640,643,645,649,676,679,681,683,687,697,698,701,704,706,709,710,711,712,713,714,716,719,725,732,733,734,738,739,740,741,749,762,764,765,768,770,771,777,778,781,784,792,794,797,798,799,800,802,804,808,809,810,817,818,821,823,824,830,831,832,834,835,838,840,841,843,847,849,864,865,871,878,881,882,884,887,893,901,903,908,912,913,919,932,938,942,950,952,958,959,966,974,983,984,985,986,987,990,991,993,994,1004,1012,1013,1018,1021,1026,1027,1033,1034,1036,1037,1039,1042,1045,1050,1053,1060,1062,1069,1072,1089,1092,1093,1103,1110,1113,1117,1118,1121,1132,1136,1138,1142,1153,1154,1156,1158,1163,1167,1168,1174,1177,1179,1181,1183,1184,1185,1187,1189,1190,1195,1196,1199,1207,1208,1211,1213,1215,1217,1223,1224,1232,1235,1236,1239,1241,1246,1248,1253,1260,1267,1269,1271,1272,1274,1279,1280,1281,1283,1287,1291,1294,1295,1296,1298,1302,1312,1313,1316,1319,1321,1326,1328,1335,1336,1338,1340,1343,1349,1352,1354,1363,1365,1367,1369,1371,1372,1373,1375,1377,1379,1381,1382,1383,1387,1391,1392,1393,1401,1402,1403,1406,1412,1413,1415,1416,1421,1422,1423,1425,1433,1434,1435,1438,1440,1444,1446,1449,1451,1452,1453,1455,1456,1457,1458,1459,1460,1461,1462,1463,1464,1465,1466,1467,1468,1469,1470,1471,1472,1473,1474,1475,1476,1477,1478,1479,1480
1,6,9,12,19,27,32,42,48,50,52,58,60,67,72,80,85,88,94,97,101,105,125,128,131,135,142,144,176,189,191,198,199,204,212,220,224,236,245,249,250,252,254,257,260,261,263,282,283,289,297,298,303,305,309,312,315,316,317,318,322,323,325,329,338,341,342,343,346,352,353,357,358,364,366,373,375,378,389,392,396,398,400,402,415,421,431,437,439,447,452,454,456,463,465,468,473,475,481,482,497,502,504,507,511,514,516,520,523,532,536,538,542,543,544,547,560,575,576,578,586,595,598,609,621,627,632,638,643,644,645,654,699,701,704,706,712,714,738,740,741,749,753,755,758,765,766,770,776,777,778,782,787,792,793,797,799,800,809,811,822,824,830,831,835,838,840,843,847,862,863,864,871,882,912,919,933,990,991,993,994,998,1018,1019,1020,1021,1033,1036,1037,1039,1043,1049,1056,1072,1089,1091,1101,1103,1105,1118,1127,1137,1142,1158,1168,1169,1173,1183,1184,1187,1189,1190,1199,1207,1213,1214,1215,1217,1227,1235,1236,1241,1244,1246,1248,1252,1253,1260,1269,1271,1272,1274,1280,1282,1283,1284,1287,1289,1295,1301,1302,1312,1313,1317,1320,1321,1323,1326,1328,1335,1339,1340,1344,1349,1359,1364,1365,1368,1371,1375,1381,1383,1387,1393,1395,1397,1400,1402,1403,1406,1407,1409,1412,1413,1415,1420,1421,1422,1423,1425,1427,1431,1433,1438,1440,1441,1444,1449,1453,1461,1463,1468,1472,1474,1478,1480,1481,1482,1483,1484,1485,1486,1487,1488,1489,1490,1491,1492,1493,1494
1,3,1031,520,9,523,1036,1038,536,540,30,542,32,545,36,1062,42,555,557,1072,50,52,567,1080,575,576,67,73,595,84,598,97,101,104,617,620,1132,1136,1142,638,1154,642,132,645,1158,643,142,1168,1176,669,1185,1189,679,681,1195,172,701,1213,191,704,1215,706,1217,198,711,713,1227,204,1235,1236,1237,728,224,738,741,1253,1260,1262,242,1269,758,1271,249,250,252,765,766,254,1279,1281,257,770,1283,778,1291,1290,781,1294,272,1297,1296,277,792,795,285,799,288,1313,1317,1320,297,809,810,298,1326,817,306,1332,311,824,314,1339,830,831,319,1349,843,844,333,847,1364,1365,1367,353,357,358,870,364,1393,370,1395,884,373,375,1402,389,1413,1415,393,1417,1419,394,1424,1425,1427,1433,1437,1440,418,1444,421,934,1449,429,438,439,440,1470,1472,1476,454,969,1487,1488,1491,1492,1495,1496,1497,1498,1499,1500,477,1502,1501,1503,993,1504,1505,1506,488,495,497,502,507,509
1,1026,516,1031,1032,9,1036,1037,12,1021,1042,19,1043,536,1051,540,1052,1058,547,1062,42,557,50,1075,52,567,569,58,575,69,1100,1101,595,85,87,1113,90,606,609,1124,103,615,1127,1132,1136,1142,638,128,644,132,1158,135,1165,142,654,1169,666,1179,1180,1182,1185,1186,163,1189,679,681,173,687,688,697,701,191,704,193,1217,1215,706,708,1218,711,1224,713,714,1227,204,716,199,209,1236,725,212,1244,1248,1249,224,1252,233,1260,749,1262,242,1268,1269,758,1271,249,1280,1281,1283,1285,773,1287,779,781,782,783,272,271,787,276,1302,792,794,283,285,1311,1313,1317,1319,1321,810,298,817,1329,306,1332,309,823,824,314,316,317,830,831,319,321,1346,323,322,1349,326,325,840,841,842,1356,333,847,337,338,852,341,342,1367,346,1373,1375,864,357,1381,358,362,364,366,878,368,1393,367,884,375,376,1401,1402,1400,377,893,1406,1403,890,899,389,1413,1415,1414,1417,1419,1421,398,1423,912,1425,1424,405,1505,924,928,1441,933,422,934,1449,943,437,950,957,1470,959,1472,963,964,966,454,1478,1485,974,1487,462,1489,1490,470,1497,1499,477,990,1503,481,482,1507,1508,1509,1510,995,994,1513,1514,998,1511,1512,509
6,8,9,19,32,38,41,42,43,47,50,52,61,67,68,69,72,85,87,97,99,103,105,118,128,131,132,142,144,145,146,163,173,191,193,194,199,204,209,212,220,224,233,249,250,254,261,271,276,277,281,282,283,285,294,295,297,298,308,309,312,316,321,322,323,326,329,332,341,342,352,353,354,358,370,373,375,377,378,379,386,389,392,393,394,398,402,405,422,431,438,442,447,449,460,462,463,465,468,469,473,474,475,498,502,507,509,517,520,542,546,560,561,569,573,586,594,595,596,598,600,601,605,606,609,615,617,626,635,639,640,645,646,652,654,677,679,687,701,704,706,708,710,713,714,716,725,726,733,734,735,738,739,740,749,753,754,773,778,781,783,792,794,797,799,800,810,817,823,830,831,835,838,842,847,852,859,864,871,878,884,893,899,908,912,919,934,942,944,950,964,980,983,984,985,988,990,993,994,997,998,1004,1015,1017,1019,1021,1026,1033,1036,1037,1038,1042,1043,1051,1060,1072,1075,1080,1101,1105,1113,1114,1117,1127,1132,1142,1158,1165,1167,1168,1173,1176,1178,1179,1180,1181,1184,1185,1187,1190,1192,1217,1227,1236,1244,1255,1260,1268,1275,1280,1281,1284,1285,1289,1295,1299,1313,1317,1338,1339,1356,1362,1365,1375,1379,1381,1383,1393,1400,1401,1406,1417,1420,1421,1423,1424,1425,1426,1430,1433,1438,1440,1441,1444,1445,1449,1468,1472,1475,1487,1489,1496,1497,1501,1502,1503,1505,1507,1508,1509,1513,1514,1515,1516,1517,1518,1519,1520,1521,1522,1523,1524,1525,1526,1527,1528,1529,1530,1531,1532
1,9,12,27,30,32,36,38,41,42,48,63,67,68,69,72,85,95,99,101,103,109,114,124,132,143,145,152,172,173,176,189,193,194,201,211,212,220,221,233,239,245,249,259,263,276,278,282,283,285,294,297,299,303,307,308,311,314,316,323,324,326,329,333,337,338,339,342,345,352,357,366,372,373,374,375,376,377,390,394,400,402,409,421,422,429,431,439,442,447,449,453,454,462,473,474,475,483,495,502,504,507,509,514,516,518,545,546,547,552,561,582,586,592,595,598,601,605,606,615,617,620,621,626,635,642,643,646,658,674,676,704,706,708,710,713,714,725,733,735,738,754,768,770,773,779,787,792,794,797,798,799,806,810,814,817,821,823,824,830,831,846,852,864,871,878,883,893,908,919,923,928,938,942,966,981,983,985,994,1013,1015,1021,1026,1033,1036,1069,1075,1083,1101,1113,1127,1136,1142,1158,1167,1168,1175,1178,1179,1180,1181,1183,1184,1185,1189,1190,1199,1211,1213,1215,1224,1231,1235,1236,1244,1246,1248,1255,1280,1281,1282,1285,1289,1291,1308,1313,1323,1326,1328,1332,1335,1339,1342,1344,1354,1356,1359,1364,1365,1367,1373,1375,1377,1385,1387,1393,1395,1397,1401,1402,1405,1406,1410,1412,1415,1416,1419,1426,1431,1433,1434,1437,1440,1449,1452,1454,1463,1468,1472,1479,1488,1489,1490,1493,1497,1501,1502,1504,1507,1508,1509,1510,1517,1518,1520,1521,1522,1523,1525,1526,1529,1532,1533,1534,1535,1536,1537,1538,1539,1540,1541,1542,1543,1544,1545,1546,1547,1548,1549,1550,1551,1552,1553,1554,1555,1556,1557,1558,1559,1560,1561,1562,1563,1564,1565
1,3,8,9,12,19,27,29,32,41,42,44,53,58,63,67,72,85,90,101,103,105,109,114,124,128,132,143,144,155,163,173,174,176,193,201,204,209,211,212,214,219,220,221,233,239,242,249,250,254,257,260,276,277,282,285,294,297,298,303,307,308,309,317,318,321,322,323,326,328,342,356,357,372,376,389,392,393,394,398,400,425,438,447,465,470,474,475,482,483,484,485,495,498,502,507,509,518,523,538,539,541,546,547,557,560,569,573,578,581,582,598,605,615,616,617,620,621,626,640,643,658,679,681,687,697,700,701,704,708,711,714,728,729,731,734,735,738,739,740,749,751,752,762,765,768,770,781,788,792,793,799,801,809,810,812,821,822,823,824,840,843,846,847,852,856,859,864,865,871,878,885,893,908,913,919,924,927,928,949,963,966,967,983,984,992,994,1006,1013,1014,1018,1021,1026,1033,1036,1038,1042,1043,1066,1075,1081,1101,1113,1118,1127,1142,1158,1167,1168,1173,1178,1179,1180,1181,1183,1184,1185,1189,1190,1194,1195,1208,1213,1215,1217,1231,1235,1246,1253,1255,1272,1280,1281,1282,1284,1285,1286,1289,1297,1304,1308,1310,1312,1313,1314,1319,1323,1326,1328,1329,1332,1338,1339,1342,1343,1344,1346,1358,1359,1361,1362,1364,1365,1367,1373,1383,1387,1393,1397,1400,1401,1402,1403,1405,1406,1412,1416,1417,1420,1421,1429,1431,1433,1434,1436,1437,1440,1444,1447,1448,1468,1485,1487,1488,1489,1493,1496,1497,1500,1501,1504,1505,1507,1508,1509,1510,1518,1520,1521,1522,1523,1533,1534,1539,1540,1542,1545,1546,1548,1551,1554,1556,1557,1561,1562,1564,1566,1567,1568,1569,1570,1571,1572,1573,1574,1575,1576,1577,1578,1579,1580,1581,1582,1583,1584,1585,1586,1587,1588,1589,1590,1591,1592,1593,1594
3,8,9,12,19,27,29,32,36,41,42,44,50,53,58,63,66,67,68,72,83,85,88,95,97,101,103,105,124,135,155,163,194,202,204,212,219,220,233,238,249,250,252,254,257,272,277,278,282,283,286,294,298,299,302,303,308,309,313,317,322,323,326,327,328,329,332,337,341,342,345,350,356,357,366,372,375,389,393,394,398,425,430,437,439,447,449,451,460,465,470,474,475,482,483,494,495,502,507,509,513,518,525,536,542,543,546,547,549,557,560,561,568,569,573,581,582,598,610,615,616,617,620,621,625,626,632,639,645,646,654,658,667,679,681,700,701,704,708,710,714,728,735,751,762,765,768,774,777,778,779,781,793,800,801,808,809,810,821,822,823,831,841,843,847,852,865,870,878,881,885,886,908,912,913,919,933,938,950,958,959,967,974,980,984,986,1006,1013,1014,1018,1021,1024,1031,1033,1036,1039,1042,1043,1056,1063,1068,1072,1101,1105,1107,1109,1111,1118,1136,1142,1154,1158,1165,1168,1169,1174,1176,1180,1181,1187,1189,1190,1195,1196,1208,1215,1217,1227,1231,1244,1246,1252,1253,1255,1262,1265,1272,1280,1281,1282,1284,1285,1292,1297,1304,1312,1313,1314,1326,1329,1332,1339,1344,1346,1349,1352,1359,1362,1364,1365,1368,1375,1377,1386,1387,1393,1397,1402,1415,1419,1436,1440,1447,1463,1472,1479,1485,1487,1489,1493,1496,1497,1502,1508,1513,1514,1517,1520,1521,1522,1533,1534,1539,1540,1542,1543,1545,1546,1551,1556,1558,1561,1562,1570,1573,1574,1575,1576,1577,1578,1579,1580,1582,1585,1586,1587,1588,1591,1594,1595,1596,1597,1598,1599,1600,1601,1602,1603,1604,1605,1606
1,514,1539,1540,3,518,1542,8,9,517,1548,12,526,1551,1036,1039,1556,1558,536,1562,539,538,1565,542,1564,32,546,1059,36,548,1575,1576,41,1578,1579,42,557,1582,1577,1072,1585,1065,1075,1588,53,50,561,569,1594,1596,1597,1598,60,576,578,67,1603,69,1607,1608,1609,1610,1611,1612,1613,1614,1615,1616,1103,594,1617,1618,85,598,87,600,1118,95,610,615,1131,621,109,632,124,1158,1165,145,1173,1174,1176,154,1183,1184,163,1188,1189,681,1199,1208,700,701,189,704,708,710,199,712,713,714,204,716,214,1244,1246,735,44,1251,1252,1253,1063,1255,555,233,749,751,752,245,249,762,252,765,1068,768,257,1282,1283,1281,777,1580,272,1299,276,278,792,283,1313,801,809,810,299,298,303,1329,308,821,822,823,1332,313,1338,317,831,319,1344,322,329,841,334,847,337,1362,338,852,1365,342,350,353,1379,357,870,871,1385,1387,878,1393,881,883,372,375,1402,378,893,899,389,586,393,1417,1419,912,919,1436,1440,932,421,933,425,942,949,950,437,958,447,1472,449,1475,1488,1489,470,1496,1497,986,994,483,1005,1517,1006,1520,1521,1522,1526,1528,507,1021
1,1026,3,1539,1527,8,9,523,12,1036,525,1039,1550,1021,527,1043,1556,1551,1042,19,536,1050,27,1565,546,1059,547,36,1575,41,1578,42,1577,557,1582,1580,1072,1585,50,563,53,60,573,1598,62,1601,67,1603,68,582,69,1608,1616,1619,1620,1621,1622,1623,600,1624,1626,598,1625,605,1118,95,1627,1123,101,103,1131,620,626,639,1158,141,144,1169,658,1173,155,1184,1185,161,1190,1196,686,175,176,189,704,708,198,199,712,713,714,203,1227,209,1238,726,1244,733,220,734,224,735,228,1255,233,234,1261,751,1265,242,1272,252,1280,768,1281,1282,1284,777,1292,781,1299,277,792,793,282,283,799,801,1314,1316,809,297,810,812,298,303,308,821,313,1338,1339,317,318,321,1346,323,1349,1352,840,847,337,338,1365,341,342,352,357,366,878,1393,1402,389,392,393,394,395,1423,912,409,1436,1437,933,421,1449,938,1454,950,447,964,967,1487,1489,475,483,997,487,1511,1520,1014,502,507,509
1,1026,3,1539,517,1542,1543,1537,1545,1546,1033,1548,525,1036,1039,1034,1042,19,1043,538,27,1050,1565,1568,32,546,547,1056,1575,1576,1065,1578,555,42,1069,1582,560,1585,1072,1588,53,1594,60,573,1598,63,1601,578,1603,68,67,582,72,585,1608,1611,1100,1616,1105,594,1619,1618,85,1623,1624,1625,1626,600,1628,605,1629,1630,1631,1632,609,1633,95,1634,1635,1127,103,105,615,617,620,1636,626,118,639,643,644,132,1158,143,145,1173,1175,154,155,669,1184,676,1189,679,1196,172,174,687,176,686,175,177,1206,697,1213,704,193,708,711,199,713,201,1227,712,203,714,1231,725,1238,219,1244,733,220,735,224,734,1246,1248,1252,741,228,1255,233,234,1260,749,752,758,249,254,768,1281,1282,259,781,1297,1299,277,1304,282,799,800,1313,1314,1316,809,810,298,812,297,302,303,299,823,312,1338,1339,321,1346,323,324,327,840,329,1359,847,1362,338,852,1365,342,859,1373,352,354,1378,1379,357,871,1383,874,878,1393,1396,893,1407,899,389,1413,392,1419,908,398,912,405,919,928,933,422,940,1454,437,950,963,599,967,973,462,463,1487,1489,1491,984,474,475,1507,483,1509,1518,495,1009,1522,1521,498,502,1015,507,509
1,1026,1539,3,518,1543,1542,1033,1546,523,12,525,9,1545,1039,1553,1042,1043,1021,19,1556,615,1562,27,1052,1565,1564,30,32,544,546,1568,36,34,1573,1575,1576,41,42,1578,1066,557,1069,1072,561,560,1587,1585,53,48,1639,569,1594,1640,573,1601,67,69,582,72,73,1097,1608,1101,1616,592,1617,1619,1105,1618,598,1623,1624,1113,601,605,1630,1629,95,1633,1118,1637,1638,1127,103,617,1641,1642,620,1644,1646,1130,1647,621,1136,1649,1643,1645,1648,128,131,132,643,1158,135,1162,143,144,1169,145,659,1173,1175,540,1184,161,163,1189,679,174,687,176,177,183,1211,191,704,193,708,710,711,712,713,1227,204,1231,719,1234,1235,1237,1238,219,220,1244,735,1248,738,1252,1253,741,1254,1255,233,234,228,749,752,753,757,1270,1269,249,252,254,766,768,1281,1282,1280,257,1285,1286,773,1283,777,781,271,1299,277,1304,793,281,799,800,1313,1314,1315,1319,809,297,299,812,810,298,1326,302,818,821,822,314,1339,1338,828,830,831,1343,321,1346,1342,832,839,840,842,843,1356,333,847,338,339,1365,342,1367,341,346,859,863,357,870,871,1387,878,366,1393,370,884,372,378,1403,899,1412,389,392,912,913,1426,1434,1440,1443,933,423,593,431,432,437,950,438,1468,447,964,967,970,1485,462,973,1488,1489,1487,1491,1486,1493,1497,986,1500,1502,1503,482,1507,483,1510,494,495,1521,1009,1522,498,509
1,1537,3,1539,518,1543,520,9,1033,1545,12,1542,1038,1551,1039,1553,1042,19,1556,527,536,27,1052,540,1565,32,1568,34,546,547,548,36,1575,1576,1059,1578,42,1580,1069,44,557,1072,50,1588,569,1081,1598,1601,1603,67,72,1643,1103,592,1616,1618,1619,1617,1621,1622,598,1624,1113,90,1627,605,1118,95,1629,1633,1636,1637,1638,615,1640,617,1642,1130,620,1644,1646,1647,1136,1648,1641,1649,1650,1653,1651,1655,1656,1657,1658,1652,1654,1659,1660,128,643,644,1158,135,143,144,145,1171,1173,1177,1184,1185,674,161,1189,1190,679,681,1196,174,175,688,687,700,1213,191,1215,1217,193,704,708,711,712,713,204,1234,1236,725,727,220,1244,734,735,738,1252,741,1254,1255,233,234,749,753,757,758,1270,1272,249,252,254,766,1280,768,1281,259,1283,1285,774,1289,779,1297,277,1304,281,282,283,1312,1313,1314,291,1316,1317,800,1319,802,809,297,298,812,300,810,815,299,1329,819,1332,308,823,317,1343,832,1344,831,1346,326,1352,329,1353,843,840,332,847,337,1362,1365,342,346,859,864,865,1378,866,353,357,871,361,1387,878,370,883,372,1403,379,1406,1410,389,1413,901,392,1423,912,402,1426,919,1434,1436,415,1440,1442,933,423,431,437,950,438,958,447,959,449,1472,963,964,456,970,973,1485,1487,1488,1489,983,984,474,986,1500,482,997,1510,1005,1518,495,1520,494,1522,1526,507,1021
1,1026,3,1539,1029,1542,518,1032,9,1545,523,12,1543,1034,1039,1021,1042,19,536,1049,27,1052,1565,32,1568,34,1056,36,1576,41,1578,42,1580,557,1070,1071,1072,1585,1069,1587,44,53,1582,569,573,1601,1603,1093,72,73,1608,1101,1616,594,595,1621,598,1624,1113,605,1118,95,1632,609,1629,612,101,1636,615,617,1642,1641,620,621,1644,1647,1136,1648,1130,109,1142,1656,1657,1661,638,1663,1662,1665,128,1667,644,1668,1158,1664,1666,639,1173,154,155,1185,161,1187,163,1189,1190,679,681,174,686,176,180,182,697,700,1213,193,194,710,198,712,713,714,1231,719,211,212,725,731,220,1244,734,1252,1253,741,1255,743,233,234,749,751,242,1270,249,254,768,1280,260,1285,1287,777,783,1297,277,1304,281,282,283,1312,1313,1314,1316,809,810,298,812,297,1326,815,300,302,819,1332,308,822,821,312,311,824,1339,1340,1342,831,1343,1344,1346,1349,1352,843,1359,337,339,1365,859,1372,864,353,1378,357,1382,870,1383,361,1387,878,367,883,372,1402,1406,389,393,1423,912,1426,403,919,408,1434,924,413,1436,1440,1442,421,933,423,431,944,437,950,1463,442,1472,962,963,967,970,973,1487,1488,1489,975,463,468,475,482,495,1520,1522,1015,1013,502,1526,504,509
1,1026,3,516,1029,518,1543,1031,9,1545,1542,12,523,1033,1039,1554,19,1557,1561,538,27,1052,1565,537,543,32,1568,34,544,41,42,1577,44,1580,1070,1072,1586,1074,1075,53,57,569,59,1601,1602,67,66,1093,582,72,1608,1616,598,1623,1624,1113,101,615,1639,617,1641,1642,1130,109,621,1647,1136,1644,1648,620,1657,128,1153,1665,1667,1668,1669,1670,1158,1672,1673,644,1675,1676,1671,1674,1679,144,1677,1678,1680,1681,654,155,1183,161,1187,1189,1190,679,681,1196,686,687,176,193,194,708,710,711,713,1226,1231,1248,1253,741,1255,1256,234,245,1270,1269,249,768,1281,1283,1285,263,777,778,1290,781,277,1302,1304,281,282,795,1312,1313,1314,800,1316,809,298,812,302,1327,815,308,1332,821,822,824,1339,318,1343,1344,831,1346,1355,332,1359,338,1365,342,353,1379,357,1382,1383,361,1387,878,372,886,1406,393,1417,1423,403,1436,421,431,437,950,949,1468,447,1472,1474,454,970,1487,1488,1489,1493,475,1500,482,1508,495,1522,1013,1526,502,504,509
1,3,516,1029,1542,1545,9,1554,536,537,1562,1565,543,32,544,547,1573,41,42,1580,1585,50,1601,1603,1093,1608,72,1624,1113,605,615,616,1642,1130,620,621,1647,1648,1652,128,1665,1667,1668,1673,1676,1677,1679,144,1682,1683,1684,1685,1686,1687,1688,667,161,1189,679,172,687,176,700,193,706,708,713,716,1231,1234,1237,727,728,1253,1254,1255,1272,249,250,768,1281,777,1290,779,778,272,276,277,281,1308,799,800,1313,1314,1332,822,317,1342,1343,322,1346,840,1359,337,342,346,862,1383,878,367,884,372,1403,1406,1408,389,392,393,912,919,924,1443,933,1447,1475,453,454,1487,1489,474,475,1500,481,1513,1514,1005,495,1520,1522,507,1021
1539,1540,1029,518,520,9,1546,523,12,1039,528,1554,1555,1052,1565,542,32,544,1568,547,1060,41,42,1580,44,1582,47,1072,48,1586,1585,52,53,1598,63,62,1608,592,593,1616,1619,84,598,1623,1111,1624,606,1636,1638,104,1641,620,621,1646,1644,1648,1647,1136,1657,638,639,128,131,1668,1158,135,1161,1673,1676,1677,143,1680,1681,1686,1688,1689,1690,1691,1692,161,1185,1187,1189,1190,679,1196,172,686,687,176,1211,701,189,191,193,706,194,708,199,713,201,1227,714,1231,719,1237,220,1248,1253,1255,1256,744,234,242,1269,1272,249,768,257,1282,1280,1281,1283,1289,1290,779,781,272,276,277,281,1308,797,799,1312,1313,1314,1316,810,812,300,1326,307,1332,309,1339,317,1343,1344,321,1346,841,337,1362,338,1365,342,1367,858,859,1373,357,871,1383,361,1384,1387,878,884,372,376,1402,1403,1408,389,1413,901,392,393,394,398,1423,912,400,1426,919,1438,415,1443,429,949,440,1472,1474,451,1475,454,1485,462,973,1487,463,468,1493,469,474,475,1504,481,997,1513,1514,495,1520,1522,498,1013,1015,1021
1,1026,3,1540,1029,518,1033,1546,523,12,1548,1039,1021,1555,536,537,27,1565,542,32,1568,546,544,36,1573,549,1056,552,41,42,44,1580,1582,1072,1585,50,48,52,53,1078,1079,60,1598,63,1601,1608,1103,1616,593,1619,598,1623,1624,601,1626,1622,605,1629,1632,1121,96,1638,617,1130,1644,620,1647,1136,118,1655,632,1657,1666,1667,1668,1669,1158,1676,654,142,144,1681,1690,1692,1693,1694,1181,160,161,162,1695,1696,1189,1190,679,1697,1698,174,687,176,686,700,193,1217,708,710,711,713,1227,1228,716,1231,1234,1237,214,728,734,1248,1252,1253,1254,1255,234,1269,1270,249,252,766,768,1281,1280,1283,1285,773,777,781,272,788,276,278,277,1304,281,1305,797,1312,801,1314,1313,800,297,810,298,302,1326,303,1332,309,822,1335,311,1342,1343,1344,1346,325,841,1355,1359,337,338,1363,1365,342,1368,856,357,361,1387,878,367,883,886,1402,1408,1413,389,393,394,398,1423,400,913,919,408,1434,415,928,1440,429,431,949,950,447,454,460,973,462,1487,474,1500,1502,995,1508,1513,1516,495,1520,1522,1013,502,1015,507,509
1,3,1540,518,9,1548,12,1039,1554,27,1565,544,32,546,1056,36,1066,42,52,53,1598,1601,1603,1608,1616,593,1619,598,1623,1624,1113,1629,606,1118,605,607,615,617,105,1644,621,620,1647,1648,1657,128,1667,1668,1669,135,1675,1676,1168,1173,1686,1694,1183,1185,1697,1699,1700,1701,1702,679,1703,686,174,687,193,1217,708,710,199,711,713,201,1227,209,1235,1244,1248,1255,234,239,1270,249,252,768,1281,1280,1283,1285,277,281,797,800,1313,802,809,810,300,812,1326,815,1328,307,1335,1339,317,1343,1346,1348,1356,1359,1362,1365,341,1373,357,361,1387,878,367,1403,389,1413,393,400,1426,1431,1434,1440,1444,431,950,1468,447,966,454,973,462,463,1488,1487,1493,469,474,990,482,1509,1516,494,503,504,509
1701,1543,1704,9,1705,1706,783,1328,337,400,239,52,1682,249,1467,1598
449,1636,840,1645,1551,1520,1393,19,252,1077,1427,1468,765,766,191
193,1601,1412,485,1636,1701,297,234,1707,1708,1421,654,1709,309,1142,249,1467,1343
32,1412,773,810,1710,95
1501,2,3,967,1513,460,1711,144,754,1557,733,799
802,1296,536,1339,124,733
1284,1385,1419,1712,959,1466,733,958,95
32,707,1509,1343,1543,1566,1598,297,1421,878,1071,48,607,1426,862,1655,95,191
644,1426,147,1308,32,1573,1071,1713,1714,1715,1332,1716,311,824,69,225,1505,1255,621,1406
192,512,1507,361,809,1071,1689,1716,1717,214,983,1718,249,985,311,286
32,1701,463,19,276,1013,1683,1622,1715,124,1053
1489,1588
1,3,1543,8,525,1554,1042,537,538,1565,32,547,1578,1072,561,1585,61,63,67,70,1618,85,598,1111,1627,1118,95,611,105,1644,620,1647,1136,626,1652,634,124,639,641,642,1154,1667,1158,1675,652,144,1688,155,1183,1190,1713,1715,1719,1720,1721,1208,1722,191,1215,193,710,711,1225,1231,214,727,1238,1244,1255,234,242,249,768,1280,1285,263,1288,778,1295,783,277,790,282,799,1312,1313,1314,800,296,809,1329,308,822,312,824,1339,1346,843,847,1362,852,342,346,1373,353,361,1393,378,1408,393,400,1431,429,431,950,1463,1468,447,454,969,474,1500,482,1522,502,504,509
1,1543,525,1554,27,1565,32,544,1060,42,1579,1068,44,557,1072,561,1079,61,63,67,1605,1606,72,85,598,1624,1627,95,105,1642,1130,1644,620,617,1647,1136,1648,124,638,1667,644,1158,1675,652,1688,152,1181,673,674,1190,173,175,1712,1713,1717,1720,1721,1723,1724,1725,1726,1727,191,1215,193,199,1231,719,214,1244,224,1253,1255,242,757,249,768,1280,1281,1285,783,784,277,282,799,1314,302,1329,822,311,312,314,1339,317,1342,1343,1346,843,346,353,1387,878,378,1402,379,1408,898,389,393,395,908,429,1453,431,950,447,454,1485,474,482,995,1005,1535
1,516,518,1543,8,525,1042,537,27,1565,32,1568,544,1575,1068,557,1069,1072,561,1074,1585,1079,67,1606,1624,1629,95,1121,615,620,621,1644,1647,1648,626,1142,1657,638,642,644,132,652,142,144,145,1688,152,1176,1692,1181,160,162,1699,1189,1190,1713,697,1213,1725,1727,1728,193,1730,1729,1731,713,1231,1238,1253,741,1255,233,1260,242,245,249,250,1285,783,277,282,799,1314,1317,809,302,1332,308,823,312,1339,1342,1343,1346,329,843,847,1362,341,342,856,353,1387,878,1401,1406,1408,1415,392,394,429,431,950,443,447,1472,1475,969,1487,1491,1493,474,1500,1510,495,1535
1543,9,1546,523,1036,525,19,1556,537,1562,27,1568,42,44,557,1582,1072,1585,561,1079,63,582,1622,1624,1113,95,615,1127,105,1130,1644,1647,626,1656,642,1667,644,132,1158,652,142,144,1181,160,162,1190,172,176,1713,189,191,1727,193,1731,1732,708,710,711,1225,713,204,1231,727,741,1255,245,249,768,1280,1282,257,1283,1285,783,788,792,282,1313,1314,1317,298,1332,1339,1342,1343,1346,323,324,329,1353,848,1362,878,1393,1395,1406,1408,898,393,1436,415,429,447,456,969,970,1489,1493,1500,990,483,997,1510,495,1018,1021
1542,9,1546,1548,525,1554,536,27,32,547,42,557,561,54,1079,61,63,67,582,592,1111,1624,1113,1118,95,1128,1641,1130,1644,620,1136,1656,642,1667,652,1677,1679,144,152,1181,1183,1190,176,1713,1717,697,699,1727,191,1731,1732,1733,710,199,711,708,1231,725,1238,741,1255,1272,249,1280,257,259,1283,1285,1290,1295,1299,282,799,1312,1313,1314,1317,809,819,1338,1339,318,1343,1346,843,847,1362,852,353,361,1387,878,1395,372,1403,1406,1408,393,394,908,400,409,1434,1436,429,431,447,456,969,970,1489,1493,984,475,1500,482,488,1513,495,1520,507
1026,1540,8,9,1546,523,1548,525,1554,537,1562,538,1565,30,547,42,557,1072,561,1585,61,63,582,1103,81,85,1624,1113,1629,1117,95,620,1647,1136,626,1142,1656,1667,644,1158,652,1679,1688,1181,1183,1190,167,1713,697,699,191,1727,193,1730,1728,708,1734,710,1735,1225,1231,1234,725,214,1238,1244,1255,234,242,1271,1272,249,1280,1282,1295,783,787,277,799,1314,1317,809,303,1329,817,312,1342,1343,1346,324,329,847,346,1373,1384,362,878,1393,893,1415,393,394,400,1433,1434,1436,1449,429,431,440,447,1472,454,969,1493,983,984,1500,482,1509,1520,1530,1021
1029,1542,1546,1548,525,537,32,36,42,44,557,561,569,63,582,81,85,598,1111,1624,1629,1118,95,1130,1644,109,1647,1665,1667,1673,155,1190,167,175,1713,697,1725,191,193,1730,708,1733,1736,713,1231,719,1237,214,725,224,739,741,1255,249,768,1280,1297,1312,1314,809,312,318,1343,1346,843,847,1387,375,378,1409,393,394,1431,1434,1436,429,431,447,1472,969,1485,462,975,1488,468,983,1500,482,1509,495
1,1540,518,8,9,523,1548,525,1042,536,1562,27,540,32,42,44,557,48,1072,61,63,69,582,72,81,85,1624,1113,97,615,1644,620,1647,1142,638,1667,1158,1679,144,1178,155,1181,1699,1190,175,1713,699,1725,701,191,193,194,1731,708,199,1737,1738,1739,204,714,719,1231,209,212,726,220,224,233,242,245,249,260,781,783,277,283,1312,1314,809,297,303,312,1343,1346,323,843,342,858,878,1395,1406,1409,1415,394,396,1431,1434,415,429,430,431,952,443,959,1472,456,969,1485,1487,1488,474,475,1500,482,1509,997,495,1520
1026,1540,518,9,523,1548,525,27,540,32,1568,1575,42,44,557,1069,47,48,561,1585,52,61,67,598,1111,1624,599,95,97,1644,620,1647,1136,626,1652,1142,1665,1158,1673,1161,652,142,143,1680,1181,160,1698,163,1190,678,1713,1716,1717,697,189,1727,193,194,708,1732,1733,1738,1739,1740,1231,719,1237,214,726,1240,1244,220,1255,233,249,768,1280,1282,259,1285,1295,1302,281,809,308,312,1338,1342,1343,1344,1346,843,342,865,1379,1387,377,1408,389,393,394,409,1434,415,429,430,431,437,447,1472,960,462,984,474,986,482,483,1509,997,494,502,504,1021
1026,1540,1029,518,9,1545,1039,537,1562,27,540,32,1059,36,557,48,561,1072,1585,63,67,81,595,598,1624,95,1632,1127,617,620,1647,1136,1142,124,1667,1157,1158,652,143,144,1688,1181,1713,1727,1728,191,1731,708,1737,713,714,1231,719,1237,725,727,1240,219,220,1251,741,1255,249,1285,788,277,281,799,1313,809,1332,312,1342,1343,1346,843,341,346,868,878,1395,884,1406,1408,1415,394,1434,415,938,430,447,1472,1488,468,984,474,1509,1513,495,1520,1009
1540,518,8,1545,9,1546,1036,525,12,532,536,1562,27,32,1059,1572,1579,1069,557,48,52,67,582,1624,95,1639,620,621,1136,1142,639,1665,1667,143,1181,160,1190,172,1712,1713,1717,191,1727,1731,708,710,1737,201,713,1231,719,211,725,1240,1255,249,1280,1282,1285,1287,788,792,281,1312,809,812,1332,1339,1342,1343,1346,843,847,346,861,378,1406,1415,398,1434,415,429,430,437,447,1488,1491,1494,984,1500,1509,1513,495,1009,1013
1540,1029,518,1546,12,525,536,1049,27,32,547,36,44,557,48,67,1616,595,85,1113,95,1644,620,1647,1136,626,143,1178,155,1181,674,1190,172,175,176,1713,699,191,708,711,201,713,1741,1742,1231,1744,1743,1746,211,1745,1238,727,1240,224,242,249,768,1280,1285,783,281,798,1312,1313,809,815,822,312,1339,1342,1346,843,851,341,346,367,1395,1406,394,398,1434,924,429,447,959,1474,1488,1493,984,495,1009,1526,1021
1540,1029,518,8,1034,12,1042,19,537,1562,27,1056,44,557,561,63,67,592,81,85,1624,605,1118,95,93,97,1644,1647,1665,1667,1669,1680,1688,1190,175,176,1713,1727,191,193,1730,708,1734,199,714,204,1742,1231,1746,1747,211,1748,1749,212,739,249,1282,784,277,281,794,1312,1313,1314,312,1339,1343,1346,843,851,341,346,353,871,1387,878,367,1395,384,391,394,398,1423,912,1434,429,437,438,447,1472,454,969,460,1488,1489,979,471,984,475,482,995,1513,1520,1009,1521
1026,1540,1543,8,1545,12,27,1565,32,36,1069,557,561,1585,67,72,595,85,1624,93,95,1642,620,1644,621,1647,1136,626,1667,1669,1671,135,1190,1712,1713,1724,191,193,1738,1739,1741,1742,1744,211,1748,727,233,249,768,1280,1285,783,1312,288,810,1332,822,1339,1346,843,341,342,346,361,1387,367,1395,1406,398,1423,924,1436,1440,431,438,447,1472,971,1520,1013
2,3,518,8,9,12,1042,537,26,1563,32,545,36,1572,42,1579,44,557,1072,561,569,62,67,68,72,1103,1620,1110,1624,601,1117,1127,1644,1132,620,1647,1136,1662,640,1154,1667,644,1669,645,1676,652,1167,1185,674,1189,1190,168,681,172,173,1198,687,1712,1713,176,697,1724,189,700,708,1734,199,711,1740,1741,1742,1231,1746,211,212,1749,1750,727,1237,1751,731,224,739,740,233,234,749,752,242,243,1270,249,252,1280,768,1282,1281,1285,782,783,788,277,790,281,794,1312,288,1314,1313,1315,800,1317,297,810,812,302,308,822,1335,823,1338,1339,1340,1343,1344,1346,1349,840,1352,846,847,341,346,1371,865,878,367,881,374,378,899,1412,1415,394,398,1423,400,408,1436,1440,933,431,447,454,969,974,1487,1488,1489,984,1497,474,475,477,482,1520,498,504
3,1540,1542,8,9,12,19,1050,27,32,36,1579,1072,561,67,85,1111,1624,95,97,1127,1641,1644,1132,1647,1655,124,127,1667,644,1669,1677,143,1178,1190,172,1198,175,1713,1203,1724,191,708,201,1742,211,724,1749,1752,1255,233,1269,249,1282,1285,1290,281,1312,809,1338,317,319,1344,1343,1346,847,1359,346,353,1397,1406,394,398,1423,1434,429,431,447,1472,969,1489,495,1009,1021
3,1540,518,1543,8,12,525,27,32,547,1059,36,44,48,1079,68,1103,1624,1113,93,95,1642,1130,620,1644,1647,1655,124,127,644,1669,1158,652,143,1169,1681,1198,175,1713,699,1724,189,708,1736,713,201,1741,1742,724,1749,1752,1255,249,768,1280,1285,783,281,282,1312,1317,298,1332,309,822,318,323,346,874,1387,1397,1406,398,1423,400,429,431,1467,447,959,1472,454,969,1487,1488,1489,1493,1497,495,1520,1009
3,1540,8,9,12,1042,27,32,1059,41,42,48,1079,67,582,1113,95,617,1647,1136,1652,118,1655,127,1667,644,1669,1158,1675,1677,143,1178,1190,176,1713,699,193,1730,1731,201,713,1741,1742,1231,1744,1745,211,724,1748,1753,233,249,1285,1290,783,788,277,1312,1313,1332,312,1338,319,1343,344,1387,878,1406,1423,1436,431,437,443,959,969,974,1488,1493,1497,495,1009,1535
3,1667,1669,1285,1158,1543,9,644,1675,12,525,1423,1042,788,27,1312,42,175,431,312,189,1343,319,1730,1474,67,969,1231,1744,1487,1748,724,1493,1624,1497,346,95,483,1253,233,1387,1644,620,878,495,1136,1009,1647,1520,1406,127
1669,1285,1543,1423,27,415,36,812,429,431,175,561,1203,440,697,1724,319,191,193,211,724,214,1113,95,997,1127,1384,233,874,620,1644,495,1136,1009,1647,1395,378,1406
3,1669,1158,1423,1434,1190,431,561,312,697,1730,67,1488,1746,85,214,1497,95,249
1409,642,1667,3,1285,1158,1543,9,12,654,1039,144,924,799,1312,673,1314,1316,1190,167,429,431,1072,561,1713,48,443,1724,189,191,1346,847,1488,719,1748,724,474,1755,1754,95,1632,483,1253,1644,621,878,1647,495,1655,1406
1282,3,773,1543,391,9,1673,12,1676,525,144,784,788,277,27,1436,1312,32,429,431,1713,561,1585,308,312,1724,191,1343,193,1728,1731,970,1738,1740,1741,588,719,847,1489,211,468,1749,1748,727,1624,1497,1626,346,1756,474,1757,95,1758,475,1380,1255,233,749,878,1647,495,1391,621,118,1655,504,249,1533,254
1281,3,1285,389,1158,8,9,1673,395,12,1678,144,277,27,1308,1313,674,1314,673,810,429,175,1713,308,309,1719,312,1338,1467,318,191,1343,193,1346,1731,447,67,713,1741,1742,719,1489,1749,1493,475,1113,474,1754,346,1497,1758,1759,1760,97,1762,995,95,1253,1761,1255,233,1644,621,494,1647,749,1395,1753,118,1655,249
1,1026,3,518,9,1034,12,27,1568,547,44,1072,561,1585,67,582,72,1113,95,1121,1127,615,1644,621,1647,1655,1665,1157,1158,1673,1678,143,144,142,161,175,191,1731,713,1746,724,1237,1239,727,1756,1758,1762,1763,1764,1253,1765,1255,1265,242,249,255,768,1280,1281,779,1308,1312,1313,1314,810,308,823,312,1343,1346,843,847,1375,1387,1395,1408,429,431,1467,1493,1497,483,997,1009,509
1280,1281,1409,1667,3,1285,1,8,9,1673,652,12,1678,143,144,19,27,1308,1181,799,1312,161,674,547,1313,810,429,175,431,1713,1716,52,443,191,1343,194,582,1350,711,328,970,1741,1359,1748,468,1754,475,1756,1758,1762,1763,1255,1127,617,1644,495,1391,1265,242,249
1280,1,1540,1545,9,1034,12,652,142,1676,144,277,27,1308,799,1312,1313,1698,547,295,809,810,812,429,175,48,1713,308,52,1716,312,1342,1343,191,194,1346,1475,69,582,199,970,843,1738,1359,595,1748,1493,1237,1113,1754,1756,1758,1762,1253,1127,233,1644,1260,624,242,1403,252
1280,1,1026,3,1285,1669,9,144,27,1310,32,1698,549,1063,809,810,429,431,175,561,1713,308,309,312,1467,318,1343,191,1346,1738,1741,1101,1744,595,1749,727,984,1758,95,1762,995,1509,1253,1765,1644,1391,1655,509
1,3,9,12,1042,19,32,42,48,1075,67,72,1624,1117,1641,1647,1655,638,644,1676,1678,143,144,1181,1195,172,175,1713,1716,191,193,1731,710,711,713,1742,1744,211,1748,1749,727,1758,1760,1762,1253,1765,1255,1766,233,1767,1768,1769,749,768,1281,1280,774,271,277,1308,1312,1313,1314,809,810,298,1329,312,1338,318,1343,1346,1362,856,389,1440,429,443,970,995,494,1023
1280,1281,1,3,1285,389,1669,8,9,1034,1290,12,1677,1676,1678,144,652,1042,27,1310,1440,1313,1312,32,167,810,42,44,172,431,48,561,1713,175,308,312,443,189,1343,1730,67,708,582,710,713,970,1742,1744,211,1748,1749,1238,727,1624,474,1756,1758,95,1118,1762,1765,1509,1253,358,105,1130,233,1644,1770,494,1647,1403
1027,8,9,1034,1545,12,525,1042,27,1565,32,1059,42,44,48,1585,67,1624,1118,95,97,105,617,1641,1644,1647,1655,642,1667,1669,1675,1676,1678,144,1686,673,674,1190,679,1195,175,1713,1208,189,191,1731,713,1756,1758,1762,1253,233,1771,1772,749,1773,245,256,1281,1285,271,277,1312,1313,809,810,308,309,1344,1395,394,1452,429,942,1467,1485,1493,984,474,1518
1,8,9,1034,1545,12,525,19,27,32,48,561,63,67,72,1624,1118,95,97,1127,1130,1644,620,1647,127,642,1667,144,1686,1181,674,679,1195,175,1713,1716,697,191,1731,710,1748,1237,1238,1756,1758,1762,1253,1770,234,1772,749,1773,1774,1775,1776,1778,1777,1779,1308,286,1310,1312,1313,809,810,312,319,1344,843,852,1387,1395,1403,429,430,431,1472,970,1489,1493,1533
1281,1,1026,132,1285,642,8,9,394,652,525,1039,1168,19,1686,27,1052,1181,543,32,1313,1190,42,44,429,172,431,48,561,1713,557,308,312,697,443,318,191,1731,970,1741,1231,593,1491,1748,1238,1624,474,1756,1758,95,1118,1762,995,1253,1255,105,1130,1387,1772,1644,621,1647,1773,620,1513,1395,1780,749,377,1403
516,1285,8,9,394,1545,12,398,1554,19,1686,27,1052,1181,1312,1313,674,36,1445,1190,809,42,44,557,172,431,561,1713,1585,308,309,697,1338,1467,1468,1343,67,969,843,1362,1748,341,342,1238,1624,852,474,727,1756,1118,739,483,1127,105,1771,1772,1387,1644,1775,1395,1403
9,394,652,12,398,1039,1686,407,27,1052,1312,1313,1314,32,36,167,42,172,429,557,431,302,561,1203,308,1338,1343,1472,191,1728,193,1346,593,1362,1748,852,1238,344,1624,475,1758,1118,862,1127,105,1771,1772,621,1644,495,1395,372,639
768,1280,642,3,1285,9,1675,12,271,1021,19,277,1686,1304,27,1052,1181,1308,1183,32,1312,1313,1314,36,809,938,812,557,302,431,561,1585,1716,447,1346,67,1349,198,711,969,593,594,1624,474,1758,1253,358,1127,1255,1644,1773,1009,377,1533
768,1280,257,3,516,1285,2,1161,9,1034,12,1675,766,398,271,1676,19,1686,1562,27,1565,1312,1313,1314,674,1440,928,1190,32,296,809,42,44,431,175,561,687,51,1716,1332,1461,1724,1342,1343,1472,193,1346,67,198,70,1487,1624,474,95,483,868,1255,233,105,1513,1644,620,234,1775,1009,754,1781,1782,1021,1406,639
516,1545,1034,9,12,1551,19,1562,27,1565,32,42,561,51,52,72,598,95,1636,1127,105,617,1647,639,1675,1676,142,144,674,1190,172,1713,1724,193,1731,198,1741,1748,212,1758,1255,233,234,749,1775,1778,1781,1783,249,1282,260,1285,273,1312,1313,1314,809,1332,309,1342,1346,1350,342,856,868,358,1398,377,393,398,1436,1440,938,429,430,431,1467,1472,1474,975,1493,483,1002,1517,494,1021
1,642,3,132,773,9,1034,1545,398,144,19,1434,27,1052,1183,1312,1313,1440,36,42,172,429,431,1713,1585,1332,308,312,830,1472,1346,1731,1349,72,1738,1487,1748,1238,1756,1758,353,483,358,105,620,1772,494,1013,1783,1784,249,639
768,384,642,1280,132,1285,899,1,8,1675,652,12,398,271,1042,19,1434,27,1562,32,1313,1312,36,809,938,42,557,302,431,1585,308,1332,312,1338,1724,319,1346,67,710,198,72,1487,1748,1750,727,1756,1373,353,1762,483,101,1127,105,1772,1517,494,1647,1783,1785,639
384,1,132,1416,9,1545,652,12,398,271,144,19,27,1312,1313,674,809,810,175,1332,312,1344,1472,70,198,969,975,1487,1231,1748,342,1624,1754,1756,1758,483,749,494,1647,1786
768,1280,1,3,9,12,1676,271,144,1168,19,27,1312,1313,810,429,175,431,1585,1332,438,312,189,319,585,1101,595,468,1749,474,1246,1758,95,233,1772,1645,495,1395,1783,632,1786
9,1675,652,140,398,271,144,1169,1425,12,27,32,1313,547,36,810,44,429,431,175,1585,443,1215,1472,1344,319,1731,67,194,191,585,1231,1487,847,468,1750,474,997,1127,105,620,1644,494,495,1647,1781,503,249,1786
1,898,3,1675,652,12,398,144,1562,27,1183,1312,674,291,810,44,429,942,431,557,561,175,1585,1338,1342,191,67,1349,1101,719,975,847,595,342,1624,474,1246,95,1758,97,503,868,1127,871,105,1771,494,1647,1395,1781,1013,1397,249,1787,1788,1789,1790
1280,1,1285,1543,1675,1676,652,398,140,1168,12,1686,27,1312,32,1059,810,942,431,175,1585,438,1724,189,1342,319,1344,1603,70,969,713,847,1491,1749,1624,474,1756,1255,1768,105,233,1771,1127,109,1644,1395,1397,1781,503,502,249,1786,1791
768,1792,1280,1,3,1285,1031,520,9,1675,652,12,398,140,1168,1686,278,1433,27,1436,1310,1312,1313,1314,1059,1190,810,172,431,175,1583,1791,1332,1724,1343,1344,193,1346,1603,707,831,199,72,713,969,840,1739,847,1491,1748,1624,1626,474,1756,1373,97,503,1509,997,1127,105,1130,1771,1644,494,1399,249,1786,639
1792,1793,1,1794,132,1285,3,1543,1031,651,140,12,398,652,1297,1042,27,286,1312,1314,1059,1449,172,303,431,50,312,697,1724,1343,831,1215,1346,1474,1344,199,72,713,211,1748,341,856,474,1626,1756,93,1509,1127,105,1771,620,749,1644,1786,1788,1021,639
1792,1,768,3,132,1285,256,1543,1029,1793,523,652,1675,398,1297,657,1046,1434,27,1308,1436,286,1310,553,1280,302,943,561,821,312,697,443,1724,1214,190,318,1344,1346,193,583,840,713,714,588,335,1489,1491,595,852,342,600,1756,221,1376,483,101,1255,105,874,1771,1644,1260,494,1647,1385,375,249,1786,893
1792,898,132,1285,1542,1543,398,912,1562,1436,32,809,431,818,312,443,1724,318,193,1485,847,852,1756,101,105,874,620,494,1136
1280,1,898,3,1796,1797,1542,1795,1416,768,1543,1798,652,140,398,1167,144,1168,1169,1562,1436,1565,1183,32,547,36,42,44,302,431,561,818,1585,1792,1338,1724,1472,1344,67,1349,713,969,1740,847,1231,341,1750,1758,95,1246,1255,105,494,504,1786
1,1029,1542,1543,8,1546,523,12,1553,27,1565,32,1059,39,44,557,561,1081,59,67,583,72,605,95,1127,105,617,620,626,1675,652,140,1167,144,657,1698,697,1724,713,1741,1231,1750,727,1756,221,1246,735,1255,755,1781,1786,1788,1789,1792,768,1281,1280,1796,1282,1285,1799,1800,784,277,283,1310,798,818,821,312,1342,318,1344,835,840,847,852,341,342,353,1395,884,391,1416,393,398,1434,1436,431,952,443,1472,969,1485,974,975,483,995,997,494
1792,1,3,1796,1285,1542,1543,393,1675,140,652,1167,1169,152,1434,27,286,415,32,1059,547,1190,557,302,431,175,561,1713,818,1585,821,312,1724,318,830,1344,713,969,843,847,1748,341,1750,727,342,1111,1626,1756,221,95,995,483,997,1127,1255,105,620,749,1781,1783
1792,1,1281,3,1796,1285,1542,1543,520,1801,1802,1783,652,12,1675,1800,1803,19,1434,1052,1308,1312,32,1059,1316,1190,167,44,557,1582,431,175,561,818,1716,1332,312,1724,1340,318,1343,67,713,843,1485,847,1749,1750,342,1624,727,1626,1756,1246,95,1758,1762,483,997,1127,1255,105,361,1771,1517,503,1786
1280,1,131,1796,1285,1542,1543,8,3,1675,1804,1805,144,145,1686,1434,27,1308,1786,1565,415,1312,1316,810,44,557,431,1713,561,1585,1332,821,1716,312,1081,1338,1342,1343,193,1730,843,1485,847,212,341,1750,1624,1626,1756,1246,95,483,503,868,1255,105,125,1783,634,1789
1280,1,1792,1796,1542,1543,1804,143,538,1052,1308,1436,1312,36,1316,1190,681,561,1332,312,1724,1603,67,583,456,713,1750,1111,727,1624,1626,1756,1246,95,224,1255,1127,105,749,494,621,503,1786,1789
1792,770,1796,1285,1542,1783,12,398,143,1042,538,27,1565,415,1312,1789,175,1332,1716,1724,1343,193,1603,847,1624,1756,1246,95,224,868,1509,997,1127,615,105,749,621,1517,503,1786,125
1280,1792,1796,1285,1542,1543,393,1546,1783,1675,12,1806,783,145,1554,19,277,1046,1688,415,1312,32,810,44,175,561,1585,434,1332,1716,308,443,1343,1730,967,1749,727,1624,856,1756,1373,1246,95,1253,615,1255,105,361,492,1517,1645,1781,1398,503,125,1786,1789
1793,770,3,1027,1285,518,1543,1545,393,523,1783,1675,1807,639,144,1808,19,783,1809,1686,1168,27,1436,415,32,1059,561,1713,1332,308,180,311,696,697,574,1343,831,1474,967,713,585,1487,595,1493,1749,1624,856,1626,1756,95,1375,105,1771,1132,367,1398,503,1021,1791
768,1,1280,3,1792,1285,260,1543,1793,1289,1026,1783,396,1542,1545,1807,400,525,1810,19,1686,1562,27,415,674,1059,36,1698,810,42,557,302,431,1582,1713,175,561,1332,1717,180,1585,697,569,1343,1600,1730,1603,67,1474,710,583,713,586,1485,1618,1493,342,727,1624,856,983,1756,1373,605,221,357,1127,105,1132,1644,245,502,503,1397,1398,639
1280,1281,1796,1029,1669,1543,9,1802,1783,12,525,1801,1811,1812,1813,538,27,415,1312,1059,1190,1322,42,1582,175,1585,561,697,1343,63,1472,67,967,456,713,969,1741,847,727,1624,1756,95,224,1762,357,105,1132,494,1397,502,503
1280,1793,1026,1281,1796,1669,1543,1287,523,12,396,525,143,272,142,1042,1811,1814,1815,1816,538,27,415,1312,1186,1059,674,423,810,298,1582,175,1585,561,1717,696,1338,1340,1343,63,1474,67,1349,710,967,713,585,969,586,1488,1624,474,1756,1375,224,1762,357,105,874,1771,494,244,245,503
1669,518,1543,12,525,396,1167,143,1811,1050,1436,415,1312,1313,1314,809,298,1582,561,696,1467,63,1344,1343,1346,1603,1731,456,713,969,1608,847,1488,1362,342,1624,1625,1756,357,105,494,503,1786
1541,518,1543,1032,8,523,12,525,15,1041,27,1566,32,36,44,561,1592,63,64,70,1608,591,1619,1624,89,1114,95,1635,612,105,1641,111,1137,626,629,118,122,1149,1669,137,141,143,1686,152,1182,681,172,175,182,708,1756,1771,1786,1789,1792,1280,1806,1808,1814,1817,1818,1819,1820,1821,1310,1822,1312,1823,799,1824,1316,1825,1826,1827,298,812,1332,1343,1344,328,846,847,334,1362,1380,357,875,1387,367,1394,899,396,920,1436,418,431,1472,494,503,1022
1280,1,1796,1543,393,1675,12,523,398,1167,1808,783,1814,27,1052,1310,1183,1312,32,547,809,175,431,561,1332,52,63,193,582,1741,719,1626,1246,95,105,1387,620,494,1648,1783,1786,1403,1789
768,1280,1540,1796,1543,1545,1675,12,398,1167,1808,783,1556,1814,27,415,32,927,547,809,175,48,1713,561,1332,697,63,1344,1217,456,204,1485,1741,847,1488,1743,341,1624,1756,221,1246,1629,503,868,105,620,1132,494,1395,1783,249,1403,1021
1797,1542,1798,1543,523,12,1167,1807,1042,1052,1436,1310,1183,32,415,1314,1698,36,1828,547,1829,681,810,41,298,431,175,561,1713,51,1585,176,696,63,1344,1217,1346,454,456,713,1608,970,334,1362,1624,1756,605,1246,503,868,105,617,1641,494,495,1783,1788,1789
1540,1542,1543,518,1545,393,523,12,1676,1167,1808,143,1042,1556,405,1815,1436,415,673,1314,547,1830,429,431,561,51,1592,1338,63,1343,193,1346,1603,582,456,201,1097,843,970,334,719,980,1237,1749,983,1624,1756,1246,95,503,868,1127,1641,494,1775,1398,1783,249
1281,1026,3,1285,1543,393,12,1167,1807,145,1042,1049,1050,1310,32,673,1314,547,289,1831,1704,809,810,41,429,1454,431,561,1585,1713,1344,1217,1346,1474,456,1485,719,1231,1624,1626,1756,1246,1375,95,1762,503,868,1127,1000,105,617,1783,1784,509
3,1796,1543,1545,1546,523,12,277,1688,1436,799,32,673,415,1312,36,1831,44,561,51,308,1332,63,1217,1730,67,1603,582,967,719,980,1624,1756,95,479,617,494,503,1784
768,1,1280,3,1543,1546,12,398,783,1042,1436,32,1312,673,1832,51,443,67,582,456,1741,1231,1624,95,1127,105,1397,1013,1783,1784,1403
1796,1543,1546,1783,1676,523,398,143,1434,1565,415,673,1315,44,431,1713,1587,697,443,1724,189,1343,67,201,334,1231,983,1624,1756,95,1127,617,105,1644,1397,503,1786,1403,1535
1280,1026,9,394,398,1167,1168,1809,1807,1562,1565,415,32,289,1315,1190,423,809,429,557,431,302,1713,1587,308,697,1724,447,1343,67,198,456,970,204,1231,1624,1756,503,357,1253,1127,105,617,1641,1644,1517,1132,1013,1783,249,1786,1403
3,1796,1543,9,1783,12,1676,398,1675,1808,27,32,1312,1315,36,1831,423,431,1713,561,183,1079,697,1724,447,67,710,456,1227,1231,983,1624,1752,90,1756,95,1375,357,1127,617,105,1644,1517,1132,1781,503,1403,1789
1,642,131,260,132,1543,520,1675,1676,398,27,1436,32,1698,36,1831,681,44,51,1079,183,697,312,67,710,456,1097,847,1231,983,1624,1752,985,1756,605,1248,357,1132,1644,1517,1781,1783,1403,1789,1406
1,642,132,1543,398,1807,1562,32,1312,289,1831,561,1079,697,1474,67,1231,1750,983,1624,1756,1758,95,1375,1644,1517,1398,1783,1789
1792,1,132,1675,398,1042,1434,27,1312,1573,1833,810,42,1834,557,1835,561,1713,1079,312,697,1724,67,710,843,847,1488,342,983,1624,1756,1758,1127,617,1132,1644,492,1517,1403
1281,770,260,393,1675,1291,398,1167,143,145,1808,1434,27,1312,809,681,1321,1836,557,1452,1837,810,1713,1585,561,1332,697,699,1340,1343,67,456,1737,1359,847,1750,1624,1756,1629,1758,95,375,1249,1762,617,620,1132,1644,1393,503,1403,1406,639
1792,1,1282,3,132,1543,1800,1801,394,1675,398,146,1811,536,1434,27,1052,1565,32,1312,1700,1190,808,810,42,1836,557,429,431,44,561,175,1838,1332,312,697,1720,1724,830,193,67,710,456,843,847,975,341,1750,725,1624,1626,1756,1629,1758,95,503,105,1132,1644,621,620,1647,1649,755,372,1781,1783,1657,1406
1792,1,1282,132,1543,9,1675,652,1783,1038,398,536,1434,27,1052,1565,1308,1312,32,1700,420,1190,681,42,1535,557,429,1839,431,561,303,52,1079,697,1724,1340,970,843,1227,975,1619,1237,1750,983,1624,341,346,475,1756,95,1637,1127,1255,1641,635,1771,1644,620,109,1517,1649,1781,503,1657,1403,1789,1406,1791
1,1282,1158,1543,1291,652,140,398,1167,536,1434,27,1052,1565,1181,1312,32,1700,809,810,681,1836,557,429,1839,303,561,42,175,1075,1840,1072,1208,697,447,1474,710,1737,975,469,1624,1756,1629,1118,95,1372,1375,503,1639,620,1517,492,1649,244,1781,1783,1657,1789,1535
1282,1026,1543,9,523,652,525,398,1167,1168,12,143,1811,1675,1434,27,1308,1565,1052,1312,1279,805,1831,681,809,553,812,1836,429,1839,1079,1720,1338,316,318,1601,1217,970,843,1227,974,847,1488,1619,1237,469,983,1624,341,474,1626,1756,475,95,1505,1127,105,1641,1644,1649,114,1781,1397,503,1402,509,1406,1535
1282,1540,1413,1285,1543,9,1675,652,525,398,143,12,1783,1811,27,1308,1181,1565,673,1314,1700,1831,1452,1839,1841,821,697,1725,1217,1601,1346,1349,454,456,585,969,1231,1619,1237,469,1624,346,1756,95,483,1255,1000,105,492,1781,503,1403
1,1282,1283,1540,1543,394,1291,652,140,398,1167,1168,1175,27,1052,1565,924,155,1312,544,673,1190,1836,557,1837,1839,561,1842,312,697,1338,318,1601,710,585,847,1231,211,1748,1624,346,1756,1629,93,95,97,1767,1132,1781,1397,1783,509
1,1026,1540,1285,1783,652,1167,143,1175,27,1836,1839,1713,1843,1844,821,1845,312,828,1727,1730,585,1624,346,1626,1756,1629,95,483,1000,495,503
1540,1543,398,143,1167,271,145,281,155,1436,298,44,557,561,51,1846,1847,1848,1849,1850,1851,1852,1727,1730,323,1349,341,1624,1626,475,1758,95,492,244,1783,1403
1,1026,3,1540,1281,1543,520,652,1167,784,27,810,44,175,1839,1845,1848,1852,1853,1854,1344,1601,1220,710,1741,1362,1624,1756,1758,1246,224,97,492,1391,755,503,509
1280,1281,1,1796,1543,1291,652,1675,1167,281,27,1181,1565,36,1836,557,561,61,1848,697,1724,1852,1854,1343,1344,1472,1601,1855,1220,317,710,711,1731,1362,211,1237,1750,1624,1246,224,97,105,1644,492,621,1647,367,366,755,1657,1021
1,1026,1543,520,523,652,143,1167,792,1181,32,1190,42,812,1848,697,443,1724,1852,1856,1601,1857,1859,1860,1858,1861,1472,843,334,1362,1237,1624,1626,1118,95,224,1768,1130,747,1644,492,494,1781,1657,509
1,1796,1540,1543,9,1034,523,12,398,143,145,1052,1181,1308,1831,1836,561,1848,697,312,1852,828,959,1472,1601,1343,1859,1860,1862,199,1863,973,334,719,342,1624,1756,1246,95,224,993,1255,1641,234,1644,492,1781,503,1657,1403
1280,1540,1285,1543,520,9,1546,1675,396,398,143,1168,1167,1811,1052,1308,1181,32,1839,1848,443,701,1727,1601,1859,1862,1864,969,586,1866,843,1865,1097,1231,1867,1237,1624,1626,1756,479,95,503,105,1644,1781,1783,1657,509
256,1,645,1543,9,1675,398,143,785,1052,1181,32,36,1836,561,312,1338,1724,447,1343,1601,1859,1862,1866,1868,1869,1870,719,1619,1750,1624,95,1644,1783
1,899,645,520,9,1675,398,536,792,27,1308,927,32,1312,1190,810,1836,557,561,821,312,443,1724,1344,1601,708,1860,1862,711,583,1868,1871,1872,1750,1624,1118,1246,95,483,1380,1127,105,1387,620,1772,494,1781
768,1,1280,899,9,394,652,145,785,27,1052,1181,1312,1190,810,1836,561,312,1724,701,1727,1344,1601,1346,1860,69,711,1868,463,1872,1873,1750,1624,1118,234,1387,620,492,1644,494,1781
768,1,1280,393,9,652,1167,278,27,1312,32,673,674,1190,1319,1836,431,561,312,697,1852,1724,830,1344,1601,193,1346,451,1865,843,1868,847,1872,1874,1491,1236,1237,1875,1624,95,234,620,1644,492,621,1781
1540,1796,1543,9,652,1167,785,536,1308,1565,1181,32,673,808,809,1836,429,1713,561,1075,1332,697,1724,830,1346,69,1866,1750,1624,1768,234,492,621,1773,1781,1402
1280,1,642,768,1669,773,1543,9,12,1678,1168,536,540,1312,674,808,1836,557,1713,1847,312,697,1724,1852,1343,1346,194,1864,969,1865,1866,847,1491,1619,1624,615,617,234,1772,1781,1406
768,1280,642,1285,1543,9,652,12,1167,1168,536,27,539,1565,1312,674,1190,423,809,1836,557,431,561,1713,1338,1852,316,1724,1601,710,711,1865,1868,847,1362,1876,1750,1624,95,234,1644,620,1781,886,509
1,1796,1543,652,1678,1175,27,1565,674,821,312,1344,1601,1862,583,1870,1877,601,1246,1783
1280,1,768,1540,1543,523,652,1167,536,27,1700,809,172,1836,429,1713,561,821,312,697,1724,1601,1730,1862,583,1864,1865,1870,847,1362,1875,1876,1878,1624,601,93,1117,868,233,617,620,1781,1783
1,1282,9,652,536,27,1565,1836,1713,561,312,1338,1724,1727,1344,1601,1730,711,1864,1866,1362,1876,1878,342,1624,1750,868,620,1773,1781,1783
768,1,1280,645,1158,1543,393,9,1167,1168,536,1565,809,42,1836,44,1072,1713,312,697,1338,1852,1724,447,193,1601,323,1866,1362,1876,342,1879,1624,1880,983,987,868
1280,1,1282,1792,768,773,1546,652,1676,536,1052,1565,1181,1836,557,302,1713,561,1079,312,1847,1866,1741,463,1362,1875,1876,469,342,1878,983,1881,1750,475,224,868,1642,1644,1773
1,1282,1793,132,1676,652,1052,1565,1836,557,302,561,1474,1866,1362,1750,342,1881,1375,1644,1773
1168,19,1052,540,1319,557,1713,561,697,1474,1860,342,1750,1881,1882,1883,1756,1375,224,993,615,105,1644
1,536,1319,686,561,312,697,1724,1865,1870,1488,1875,1877,1884,1885,1886,1887,1888,1889,105,492
768,1,1280,1291,536,1178,1052,1565,928,418,1700,1836,429,557,431,561,1332,312,1724,1741,1487,1488,1236,1237,342,1878,1624,475,1890,1002,492,1395
1,131,1543,9,1034,1681,146,27,1052,1181,32,674,810,561,1332,1079,312,1865,1878,342,1624,868,233,1771,1644,1395
1792,1,1280,1540,1285,525,398,1167,1681,27,32,810,429,1079,312,828,189,1601,456,712,843,1488,1236,1237,1878,1624,93,479,1888,1891,1892,233,1771,1644,1132,492
768,1,1280,131,1540,132,773,1543,1792,1282,398,1167,146,1557,1178,1181,673,1313,423,686,1840,1332,1079,312,828,1344,193,843,1748,469,1236,1237,1624,1629,97,868,1893,492,1644,1773,1395,1783
1344,513,868,69,1543,617,105,713,1487,561,1713,1079,1878,342,696
1280,768,131,1543,1546,1548,1808,536,1181,927,557,431,1713,561,1865,1868,1487,1488,1875,1876,469,95,1888,1892,617,886
640,768,2,3,9,1419,144,1042,281,26,283,1052,285,1180,800,545,1187,1189,41,1196,686,176,1713,1463,824,701,582,333,1488,338,83,346,1882,1888,1889,482,610,740,741,1894,615,1002,492,1262,752,242,372,1013,249,893
1280,1313,1064,168,557,431,561,1079,447,1346,72,1488,342,1375,1888,1892,1765,105,1013
768,1280,773,1543,1673,9,144,1168,686,431,561,1713,1079,697,844,342,1879,1624,1895,1644,1520,1013,1021
768,1,1700,429,686,1079,312,697,1346,67,967,72,969,843,1237,1878,1624,1765,1644,492,1021
1543,1416,9,1808,1557,1814,1308,540,557,431,175,561,1716,1079,969,1487,342,1879,1624,95,868,615,1644
1,131,1291,1808,1557,431,561,1079,312,187,1876,1755,221,868,1894,1896,1897,1644,1013
32,1,3,843,1520,1808,561,1876,1237,1879,312,1626,95
768,1,1280,1796,1543,1546,1562,415,32,1713,818,1079,312,61,1616,211,1879,93,1118,95,1644,620
1280,1,642,1543,1808,536,927,1312,415,42,172,557,431,561,312,1724,1344,711,211,1876,1118,95,105,617,1783
1792,1284,1543,1416,393,8,391,1548,1417,784,144,657,277,1436,431,561,818,306,311,1847,314,61,1215,447,193,1217,711,713,969,1097,1868,204,1878,342,1624,1497,987,1372,1898,1899,620,1781
